UID,פיילוט,dateTimeCreate,shem_mishpacha_talmid,shem_male_talmid,mosad.code,mosad.teur,kita.code,kita.teur,Q1,Q2,Q3,Q4,Q5,Q6,Q7,Q8,Q9
STU0001,פיילוט ג,2025-01-30 14:02:00,כהן,מיכל,1002,בית ספר ריאלי חיפה,ט1,כיתה ט׳1,2,1,2,3,2,5,3,4,1
STU0002,פיילוט ג,2024-12-24 17:17:00,כהן,דוד,1004,בית ספר דה שליט רחובות,ט2,כיתה ט׳2,1,2,1,3,2,4,2,2,1
STU0003,פיילוט ב,2024-11-07 08:46:00,זיו,יונתן,1007,תיכון מקיף גבעתיים,י1,כיתה י׳1,3,4,4,3,5,2,4,5,5
STU0004,פיילוט א,2025-02-17 11:49:00,גרוס,מיכל,1002,בית ספר ריאלי חיפה,י2,כיתה י׳2,3,3,4,2,4,3,3,2,1
STU0005,פיילוט א,2024-11-08 09:38:00,אברהם,יונתן,1004,בית ספר דה שליט רחובות,יב1,כיתה יב׳1,3,2,4,2,2,4,2,2,3
STU0006,פיילוט ב,2024-09-09 13:25:00,דהן,מיכל,1004,בית ספר דה שליט רחובות,ט2,כיתה ט׳2,3,3,4,3,2,5,2,2,1
STU0007,פיילוט ג,2024-11-03 16:34:00,דהן,גלית,1004,בית ספר דה שליט רחובות,יא1,כיתה יא׳1,2,3,3,2,4,4,1,3,1
STU0008,פיילוט ב,2024-10-11 14:38:00,מזרחי,יעל,1007,תיכון מקיף גבעתיים,יא1,כיתה יא׳1,2,1,4,2,2,3,1,2,3
STU0009,פיילוט ב,2025-02-12 13:07:00,גרוס,עמית,1007,תיכון מקיף גבעתיים,יא1,כיתה יא׳1,3,3,2,3,4,3,3,4,2
STU0010,פיילוט א,2025-01-08 17:12:00,ביטון,ליאור,1003,תיכון הרצליה תל אביב,י2,כיתה י׳2,3,1,3,1,2,2,2,2,2
STU0011,פיילוט ג,2024-11-01 17:05:00,מזרחי,ניר,1003,תיכון הרצליה תל אביב,יא1,כיתה יא׳1,5,4,5,3,4,3,4,4,3
STU0012,פיילוט ג,2024-12-18 11:59:00,בן יוסף,רונית,1002,בית ספר ריאלי חיפה,יב1,כיתה יב׳1,1,1,3,2,2,2,1,3,2
STU0013,פיילוט ג,2024-09-06 17:35:00,שמש,גלית,1005,תיכון עירוני ד׳ תל אביב,י2,כיתה י׳2,2,1,3,2,1,2,1,1,1
STU0014,פיילוט א,2024-11-11 15:13:00,בן יוסף,שירה,1004,בית ספר דה שליט רחובות,ט1,כיתה ט׳1,3,1,1,1,1,3,1,3,1
STU0015,פיילוט ב,2024-09-14 09:03:00,שפירא,אדר,1008,בית ספר עמל פתח תקווה,ט2,כיתה ט׳2,2,1,2,3,3,4,2,3,2
STU0016,פיילוט א,2024-12-23 16:06:00,לוי,יונתן,1002,בית ספר ריאלי חיפה,ט2,כיתה ט׳2,5,4,4,4,4,3,4,4,3
STU0017,פיילוט א,2024-12-09 12:59:00,זיו,גיל,1001,בית ספר אורט נהריה,ט1,כיתה ט׳1,4,4,5,3,5,2,3,5,3
STU0018,פיילוט ג,2025-01-17 08:47:00,ברק,יוסף,1007,תיכון מקיף גבעתיים,יא2,כיתה יא׳2,4,3,3,1,2,4,1,2,3
STU0019,פיילוט ב,2025-02-20 11:25:00,פרץ,גלית,1001,בית ספר אורט נהריה,יא1,כיתה יא׳1,4,1,2,3,2,3,1,4,1
STU0020,פיילוט ג,2024-10-23 13:15:00,דהן,יעל,1004,בית ספר דה שליט רחובות,יא1,כיתה יא׳1,5,3,5,5,5,4,5,5,4
STU0021,פיילוט ג,2025-01-16 11:32:00,דהן,שירה,1003,תיכון הרצליה תל אביב,יא2,כיתה יא׳2,3,2,2,1,3,5,3,2,1
STU0022,פיילוט א,2024-09-03 16:19:00,פרץ,שירה,1006,בית ספר נעמן עכו,ט1,כיתה ט׳1,3,1,3,3,4,4,3,4,3
STU0023,פיילוט א,2025-02-23 12:32:00,נחמיאס,תמר,1005,תיכון עירוני ד׳ תל אביב,ט1,כיתה ט׳1,3,1,2,2,2,2,2,2,1
STU0024,פיילוט ג,2024-12-23 16:45:00,אלמוג,יונתן,1001,בית ספר אורט נהריה,ט1,כיתה ט׳1,3,1,2,2,2,5,2,2,3
STU0025,פיילוט א,2024-09-11 12:23:00,לוי,ליאור,1001,בית ספר אורט נהריה,ט1,כיתה ט׳1,1,2,1,2,2,4,1,2,1
STU0026,פיילוט א,2024-10-16 14:01:00,אברהם,אדר,1004,בית ספר דה שליט רחובות,יא2,כיתה יא׳2,1,1,3,2,2,4,1,1,1
STU0027,פיילוט ג,2024-10-22 15:22:00,גרוס,אייל,1007,תיכון מקיף גבעתיים,יב1,כיתה יב׳1,1,1,1,3,1,3,1,2,1
STU0028,פיילוט ג,2025-02-21 16:21:00,כהן,אורי,1004,בית ספר דה שליט רחובות,ט1,כיתה ט׳1,4,4,5,3,5,3,5,5,4
STU0029,פיילוט ג,2025-01-09 09:24:00,שלום,רונית,1005,תיכון עירוני ד׳ תל אביב,ט2,כיתה ט׳2,3,3,5,4,5,4,4,5,5
STU0030,פיילוט ג,2024-12-03 14:04:00,ברק,שון,1005,תיכון עירוני ד׳ תל אביב,ט1,כיתה ט׳1,2,3,4,3,4,5,3,4,1
STU0031,פיילוט א,2025-01-20 10:12:00,אלמוג,יעל,1006,בית ספר נעמן עכו,יא2,כיתה יא׳2,2,2,2,3,1,3,1,3,1
STU0032,פיילוט ג,2025-02-15 13:29:00,זיו,רחל,1003,תיכון הרצליה תל אביב,יא1,כיתה יא׳1,3,3,2,2,3,3,2,4,3
STU0033,פיילוט ב,2024-09-24 11:43:00,גרוס,אייל,1004,בית ספר דה שליט רחובות,יא1,כיתה יא׳1,1,2,1,2,2,4,2,3,1
STU0034,פיילוט א,2025-02-26 14:31:00,שפירא,אייל,1004,בית ספר דה שליט רחובות,ט2,כיתה ט׳2,3,4,5,3,5,3,5,5,3
STU0035,פיילוט ג,2024-11-03 09:29:00,ביטון,רחל,1003,תיכון הרצליה תל אביב,יא2,כיתה יא׳2,3,4,4,3,5,4,4,4,5
STU0036,פיילוט ב,2024-11-06 11:53:00,דהן,הדס,1006,בית ספר נעמן עכו,יב1,כיתה יב׳1,3,2,2,3,1,2,2,2,1
STU0037,פיילוט א,2024-09-21 10:09:00,שמש,יעל,1008,בית ספר עמל פתח תקווה,יא2,כיתה יא׳2,3,1,4,2,2,4,2,3,3
STU0038,פיילוט א,2024-12-09 17:44:00,כהן,גלית,1003,תיכון הרצליה תל אביב,יא2,כיתה יא׳2,4,4,5,5,5,3,3,4,4
STU0039,פיילוט א,2025-01-03 11:17:00,אלמוג,ניר,1007,תיכון מקיף גבעתיים,י2,כיתה י׳2,3,2,3,3,4,5,3,4,1
STU0040,פיילוט ב,2024-12-10 17:36:00,כהן,מיכל,1001,בית ספר אורט נהריה,י2,כיתה י׳2,3,1,3,1,1,2,2,3,1
STU0041,פיילוט ב,2024-11-11 14:16:00,מזרחי,ניר,1007,תיכון מקיף גבעתיים,ט2,כיתה ט׳2,3,4,5,4,4,3,4,5,4
STU0042,פיילוט ג,2024-09-06 17:09:00,שמש,שירה,1001,בית ספר אורט נהריה,יא2,כיתה יא׳2,4,3,5,3,5,2,3,4,3
STU0043,פיילוט א,2024-09-30 10:19:00,פרץ,גלית,1008,בית ספר עמל פתח תקווה,יא2,כיתה יא׳2,2,2,4,2,3,3,3,4,3
STU0044,פיילוט ג,2024-09-27 12:54:00,כץ,אורי,1001,בית ספר אורט נהריה,י1,כיתה י׳1,2,1,3,1,1,4,2,3,1
STU0045,פיילוט ג,2024-09-28 14:23:00,זיו,שירה,1001,בית ספר אורט נהריה,י1,כיתה י׳1,4,2,2,3,4,4,1,3,2
STU0046,פיילוט ג,2024-11-08 13:54:00,שמש,מיכל,1007,תיכון מקיף גבעתיים,ט2,כיתה ט׳2,4,2,4,3,3,4,2,4,3
STU0047,פיילוט א,2024-10-17 15:13:00,אלון,תמר,1005,תיכון עירוני ד׳ תל אביב,י2,כיתה י׳2,2,2,3,3,1,3,1,2,1
STU0048,פיילוט ג,2025-01-04 16:48:00,שמש,ניר,1006,בית ספר נעמן עכו,י1,כיתה י׳1,2,2,1,3,1,2,1,3,1
STU0049,פיילוט א,2024-12-31 16:33:00,אלון,עמית,1008,בית ספר עמל פתח תקווה,י2,כיתה י׳2,4,3,5,5,4,3,5,5,4
STU0050,פיילוט ג,2025-01-16 10:12:00,פרידמן,ניר,1006,בית ספר נעמן עכו,י1,כיתה י׳1,3,2,3,1,2,5,1,3,1
STU0051,פיילוט ג,2024-11-17 08:45:00,בן יוסף,שירה,1005,תיכון עירוני ד׳ תל אביב,יא2,כיתה יא׳2,3,2,2,1,1,3,1,2,1
STU0052,פיילוט א,2024-12-30 15:28:00,ברק,דוד,1005,תיכון עירוני ד׳ תל אביב,ט1,כיתה ט׳1,3,3,2,3,3,3,1,4,2
STU0053,פיילוט ב,2024-10-09 17:19:00,מזרחי,אייל,1001,בית ספר אורט נהריה,י1,כיתה י׳1,3,4,5,3,5,4,5,4,3
STU0054,פיילוט ב,2024-12-19 12:36:00,כץ,יוסף,1002,בית ספר ריאלי חיפה,יא1,כיתה יא׳1,3,2,1,3,1,3,1,2,2
STU0055,פיילוט א,2024-10-11 08:26:00,זיו,שון,1002,בית ספר ריאלי חיפה,יב1,כיתה יב׳1,1,1,3,1,1,2,1,3,1
STU0056,פיילוט א,2025-02-08 17:42:00,פרידמן,עמית,1008,בית ספר עמל פתח תקווה,י1,כיתה י׳1,4,5,5,5,5,2,5,4,4
STU0057,פיילוט א,2025-01-24 12:28:00,פרץ,רחל,1002,בית ספר ריאלי חיפה,יא1,כיתה יא׳1,1,1,1,1,1,2,1,3,2
STU0058,פיילוט ב,2024-11-22 17:16:00,כהן,מיכל,1005,תיכון עירוני ד׳ תל אביב,יא2,כיתה יא׳2,5,5,5,4,4,4,3,5,5
STU0059,פיילוט ג,2024-12-23 12:11:00,שלום,עמית,1004,בית ספר דה שליט רחובות,יא2,כיתה יא׳2,1,2,2,3,1,2,1,3,2
STU0060,פיילוט ב,2025-01-05 12:42:00,שפירא,יונתן,1008,בית ספר עמל פתח תקווה,ט1,כיתה ט׳1,3,2,3,3,2,3,2,3,3
STU0061,פיילוט א,2024-12-15 08:12:00,בן דוד,ליאור,1001,בית ספר אורט נהריה,י2,כיתה י׳2,3,2,2,2,4,3,3,4,2
STU0062,פיילוט ב,2024-10-02 08:40:00,כץ,אייל,1008,בית ספר עמל פתח תקווה,יא2,כיתה יא׳2,1,1,2,3,1,3,1,3,1
STU0063,פיילוט ג,2025-01-06 12:32:00,דהן,עמית,1003,תיכון הרצליה תל אביב,י1,כיתה י׳1,5,4,4,3,4,3,3,5,3
STU0064,פיילוט א,2024-11-10 14:21:00,בן דוד,תמר,1008,בית ספר עמל פתח תקווה,י2,כיתה י׳2,4,1,3,1,4,5,3,2,1
STU0065,פיילוט ג,2024-11-25 16:48:00,בן יוסף,יעל,1001,בית ספר אורט נהריה,י1,כיתה י׳1,4,3,4,2,2,4,3,3,2
STU0066,פיילוט א,2025-02-28 14:24:00,ביטון,ניר,1008,בית ספר עמל פתח תקווה,י1,כיתה י׳1,1,2,2,1,1,2,1,3,1
STU0067,פיילוט ג,2024-12-14 10:04:00,נחמיאס,תמר,1001,בית ספר אורט נהריה,ט2,כיתה ט׳2,2,1,2,1,2,3,1,3,1
STU0068,פיילוט ג,2025-01-03 16:02:00,כץ,מיכל,1006,בית ספר נעמן עכו,יא1,כיתה יא׳1,4,1,3,3,4,4,2,4,3
STU0069,פיילוט ג,2024-10-13 12:57:00,כהן,יוסף,1004,בית ספר דה שליט רחובות,יא2,כיתה יא׳2,2,3,2,2,2,5,3,2,2
STU0070,פיילוט א,2024-10-17 10:11:00,מזרחי,שון,1006,בית ספר נעמן עכו,יב1,כיתה יב׳1,3,2,3,1,2,5,2,4,3
STU0071,פיילוט ג,2025-02-18 08:57:00,זיו,גיל,1007,תיכון מקיף גבעתיים,יא1,כיתה יא׳1,4,5,4,3,5,4,4,5,4
STU0072,פיילוט ב,2024-12-08 15:06:00,שמש,יעל,1003,תיכון הרצליה תל אביב,ט1,כיתה ט׳1,4,2,4,2,4,4,2,3,1
STU0073,פיילוט ב,2024-09-13 17:47:00,נחמיאס,גיל,1006,בית ספר נעמן עכו,יא1,כיתה יא׳1,2,1,3,2,1,2,2,3,2
STU0074,פיילוט ב,2025-02-08 09:57:00,לוי,גיל,1004,בית ספר דה שליט רחובות,יא1,כיתה יא׳1,5,3,5,4,5,4,5,5,3
STU0075,פיילוט ג,2024-10-04 16:56:00,אלון,הדס,1008,בית ספר עמל פתח תקווה,ט1,כיתה ט׳1,4,1,2,2,3,5,2,2,1
STU0076,פיילוט א,2025-02-21 14:54:00,בן יוסף,ליאור,1005,תיכון עירוני ד׳ תל אביב,יב1,כיתה יב׳1,4,4,5,4,4,3,3,4,3
STU0077,פיילוט ב,2025-01-28 14:52:00,אלון,אורי,1002,בית ספר ריאלי חיפה,יב1,כיתה יב׳1,4,5,4,4,5,4,5,5,4
STU0078,פיילוט א,2024-11-17 14:07:00,ביטון,יוסף,1004,בית ספר דה שליט רחובות,י2,כיתה י׳2,3,1,3,1,2,2,2,2,2
STU0079,פיילוט ב,2025-02-26 16:26:00,שלום,שירה,1001,בית ספר אורט נהריה,י1,כיתה י׳1,3,3,5,3,5,3,4,5,5
STU0080,פיילוט א,2024-10-31 13:06:00,אלון,יונתן,1007,תיכון מקיף גבעתיים,יא2,כיתה יא׳2,4,2,3,1,4,4,1,3,2
STU0081,פיילוט ב,2024-09-06 08:50:00,ברק,אייל,1006,בית ספר נעמן עכו,ט1,כיתה ט׳1,2,1,3,1,4,3,3,4,3
STU0082,פיילוט ג,2024-09-01 12:54:00,ביטון,שירה,1003,תיכון הרצליה תל אביב,יב1,כיתה יב׳1,3,5,4,5,4,2,4,4,5
STU0083,פיילוט א,2024-10-15 12:03:00,ביטון,עמית,1005,תיכון עירוני ד׳ תל אביב,יב1,כיתה יב׳1,5,3,4,3,5,2,5,5,3
STU0084,פיילוט א,2024-09-12 16:19:00,זיו,נועה,1002,בית ספר ריאלי חיפה,יא2,כיתה יא׳2,3,2,4,3,2,4,3,2,3
STU0085,פיילוט ב,2024-10-08 09:08:00,דהן,שון,1001,בית ספר אורט נהריה,י2,כיתה י׳2,4,1,3,3,3,3,1,3,3
STU0086,פיילוט ג,2025-02-14 16:46:00,פרידמן,עמית,1006,בית ספר נעמן עכו,י2,כיתה י׳2,3,2,4,3,3,3,3,2,3
STU0087,פיילוט ב,2024-11-05 13:09:00,נחמיאס,מיכל,1008,בית ספר עמל פתח תקווה,ט2,כיתה ט׳2,3,2,3,3,2,4,2,3,3
STU0088,פיילוט א,2025-01-22 16:21:00,פרץ,עמית,1002,בית ספר ריאלי חיפה,יב1,כיתה יב׳1,4,3,5,5,5,2,5,4,5
STU0089,פיילוט ג,2025-01-08 11:09:00,נחמיאס,אייל,1006,בית ספר נעמן עכו,יב1,כיתה יב׳1,2,2,1,2,2,3,1,1,2
STU0090,פיילוט ג,2025-02-12 16:01:00,כץ,תמר,1002,בית ספר ריאלי חיפה,י1,כיתה י׳1,2,2,4,1,3,5,3,4,3
STU0091,פיילוט ב,2024-09-18 10:47:00,כהן,מיכל,1001,בית ספר אורט נהריה,ט2,כיתה ט׳2,2,1,2,1,1,2,2,3,1
STU0092,פיילוט ב,2024-09-14 10:10:00,כץ,יוסף,1004,בית ספר דה שליט רחובות,י2,כיתה י׳2,3,1,3,2,4,4,3,4,1
STU0093,פיילוט ב,2024-11-28 14:07:00,גרוס,גלית,1002,בית ספר ריאלי חיפה,י1,כיתה י׳1,2,1,3,2,1,3,1,3,1
STU0094,פיילוט ג,2024-10-06 12:18:00,ברק,אורי,1008,בית ספר עמל פתח תקווה,יא1,כיתה יא׳1,2,1,3,3,2,3,1,3,1
STU0095,פיילוט ג,2024-11-30 09:25:00,לוי,עמית,1001,בית ספר אורט נהריה,י2,כיתה י׳2,2,1,3,3,4,3,3,4,3
STU0096,פיילוט א,2024-12-13 08:20:00,אברהם,שון,1001,בית ספר אורט נהריה,י2,כיתה י׳2,4,2,4,2,4,5,2,3,1
STU0097,פיילוט ג,2024-12-11 12:47:00,ברק,אייל,1008,בית ספר עמל פתח תקווה,יב1,כיתה יב׳1,2,2,2,1,3,5,2,4,1
STU0098,פיילוט א,2025-02-13 10:15:00,פרץ,שירה,1006,בית ספר נעמן עכו,יב1,כיתה יב׳1,5,5,4,5,5,2,4,5,5
STU0099,פיילוט א,2024-12-24 17:41:00,כץ,אדר,1005,תיכון עירוני ד׳ תל אביב,ט2,כיתה ט׳2,1,2,1,1,2,3,1,3,2
STU0100,פיילוט ב,2024-09-19 12:29:00,זיו,יוסף,1006,בית ספר נעמן עכו,ט2,כיתה ט׳2,4,4,5,4,5,4,3,5,5
STU0101,פיילוט ב,2024-09-11 15:58:00,שלום,רונית,1001,בית ספר אורט נהריה,י1,כיתה י׳1,5,3,5,5,5,3,4,5,5
STU0102,פיילוט ב,2024-10-15 08:15:00,זיו,רחל,1006,בית ספר נעמן עכו,יא1,כיתה יא׳1,2,1,3,1,3,5,1,4,3
STU0103,פיילוט ב,2024-09-17 13:06:00,בן יוסף,יעל,1003,תיכון הרצליה תל אביב,י1,כיתה י׳1,3,2,3,3,4,3,3,4,2
STU0104,פיילוט ג,2025-02-15 14:08:00,כץ,מיכל,1005,תיכון עירוני ד׳ תל אביב,י1,כיתה י׳1,3,1,2,1,2,4,1,2,1
STU0105,פיילוט ב,2025-02-19 14:32:00,אלון,נועה,1005,תיכון עירוני ד׳ תל אביב,יא1,כיתה יא׳1,2,1,3,3,2,4,2,1,2
STU0106,פיילוט א,2025-01-08 16:53:00,בן דוד,יוסף,1006,בית ספר נעמן עכו,י1,כיתה י׳1,4,4,4,3,4,2,3,5,3
STU0107,פיילוט ג,2024-12-22 08:26:00,אלון,אייל,1006,בית ספר נעמן עכו,יב1,כיתה יב׳1,5,4,4,3,4,4,5,4,5
STU0108,פיילוט ב,2025-02-21 17:28:00,זיו,גיל,1008,בית ספר עמל פתח תקווה,יא1,כיתה יא׳1,3,1,1,3,1,3,1,1,1
STU0109,פיילוט ג,2025-01-20 09:45:00,בן דוד,אורי,1007,תיכון מקיף גבעתיים,יא1,כיתה יא׳1,2,1,4,1,3,3,3,3,2
STU0110,פיילוט א,2024-12-16 08:25:00,בן דוד,ליאור,1005,תיכון עירוני ד׳ תל אביב,ט1,כיתה ט׳1,4,5,4,4,4,2,4,5,3
STU0111,פיילוט א,2024-09-10 12:58:00,נחמיאס,שירה,1004,בית ספר דה שליט רחובות,י2,כיתה י׳2,2,1,3,1,4,5,2,2,1
STU0112,פיילוט ג,2024-12-18 09:49:00,גרוס,אייל,1008,בית ספר עמל פתח תקווה,י2,כיתה י׳2,3,3,5,3,4,4,5,5,5
STU0113,פיילוט א,2024-09-05 16:36:00,שמש,שירה,1005,תיכון עירוני ד׳ תל אביב,ט1,כיתה ט׳1,4,5,5,4,4,2,4,5,5
STU0114,פיילוט א,2024-12-02 09:33:00,בן יוסף,הדס,1005,תיכון עירוני ד׳ תל אביב,י2,כיתה י׳2,2,1,3,2,1,4,2,1,2
STU0115,פיילוט ב,2024-11-01 09:49:00,שלום,אדר,1001,בית ספר אורט נהריה,י2,כיתה י׳2,5,4,5,4,5,2,4,4,4
STU0116,פיילוט ב,2024-10-05 09:45:00,זיו,יוסף,1003,תיכון הרצליה תל אביב,ט1,כיתה ט׳1,3,3,2,3,3,5,2,4,1
STU0117,פיילוט א,2025-02-13 11:18:00,אלון,יוסף,1005,תיכון עירוני ד׳ תל אביב,ט2,כיתה ט׳2,3,4,5,5,5,4,4,5,3
STU0118,פיילוט א,2025-01-06 13:59:00,בן דוד,תמר,1006,בית ספר נעמן עכו,י1,כיתה י׳1,3,2,4,2,3,4,1,3,3
STU0119,פיילוט ב,2025-02-17 12:19:00,זיו,שון,1002,בית ספר ריאלי חיפה,יא2,כיתה יא׳2,4,5,4,5,5,3,3,4,4
STU0120,פיילוט ג,2024-09-15 09:42:00,שפירא,ליאור,1007,תיכון מקיף גבעתיים,ט2,כיתה ט׳2,3,2,2,3,3,5,2,3,3
STU0121,פיילוט א,2024-12-08 17:02:00,כץ,שירה,1003,תיכון הרצליה תל אביב,ט1,כיתה ט׳1,3,1,1,1,1,2,2,2,1
STU0122,פיילוט ב,2024-11-03 09:01:00,אברהם,ניר,1008,בית ספר עמל פתח תקווה,י1,כיתה י׳1,2,3,2,3,3,4,2,4,2
STU0123,פיילוט א,2024-10-02 10:54:00,מזרחי,רחל,1007,תיכון מקיף גבעתיים,יא1,כיתה יא׳1,4,5,5,3,5,3,5,5,3
STU0124,פיילוט ב,2024-11-16 10:45:00,אברהם,ליאור,1003,תיכון הרצליה תל אביב,יא2,כיתה יא׳2,5,4,5,4,5,2,5,5,4
STU0125,פיילוט א,2024-10-04 17:56:00,מזרחי,מיכל,1004,בית ספר דה שליט רחובות,ט1,כיתה ט׳1,3,4,4,4,5,4,4,5,5
STU0126,פיילוט ג,2024-09-19 15:29:00,בן דוד,ליאור,1005,תיכון עירוני ד׳ תל אביב,י2,כיתה י׳2,2,2,2,2,2,2,1,2,2
STU0127,פיילוט ג,2024-11-17 10:10:00,ברק,אייל,1003,תיכון הרצליה תל אביב,יב1,כיתה יב׳1,3,1,1,2,2,2,1,3,1
STU0128,פיילוט ב,2025-01-15 09:32:00,אברהם,גלית,1006,בית ספר נעמן עכו,יא1,כיתה יא׳1,4,3,5,5,5,2,5,5,5
STU0129,פיילוט ג,2025-01-26 12:41:00,פרידמן,גלית,1003,תיכון הרצליה תל אביב,ט2,כיתה ט׳2,3,2,2,3,1,2,1,1,2
STU0130,פיילוט ג,2024-12-13 12:29:00,מזרחי,יוסף,1007,תיכון מקיף גבעתיים,יא1,כיתה יא׳1,4,5,5,4,5,3,4,4,5
STU0131,פיילוט ב,2024-11-28 14:08:00,אלון,הדס,1003,תיכון הרצליה תל אביב,י2,כיתה י׳2,3,1,3,3,2,4,3,3,3
STU0132,פיילוט א,2025-02-05 14:15:00,אברהם,אדר,1002,בית ספר ריאלי חיפה,י1,כיתה י׳1,2,2,3,1,2,3,1,3,2
STU0133,פיילוט א,2024-12-27 11:13:00,שלום,ליאור,1006,בית ספר נעמן עכו,ט2,כיתה ט׳2,4,2,3,2,3,3,1,3,3
STU0134,פיילוט ב,2024-10-05 12:46:00,אלון,יעל,1001,בית ספר אורט נהריה,ט1,כיתה ט׳1,4,3,4,2,3,5,1,2,2
STU0135,פיילוט ב,2024-12-25 16:17:00,כץ,שון,1006,בית ספר נעמן עכו,ט1,כיתה ט׳1,5,5,4,4,5,3,3,5,5
STU0136,פיילוט א,2025-01-07 08:02:00,לוי,שירה,1002,בית ספר ריאלי חיפה,ט2,כיתה ט׳2,3,2,4,2,2,3,3,4,2
STU0137,פיילוט ב,2024-12-10 17:47:00,גרוס,גלית,1006,בית ספר נעמן עכו,יב1,כיתה יב׳1,3,1,4,3,2,4,3,3,1
STU0138,פיילוט ג,2024-09-29 14:37:00,גרוס,נועה,1006,בית ספר נעמן עכו,יא1,כיתה יא׳1,3,3,4,2,3,3,2,3,3
STU0139,פיילוט ג,2025-02-09 17:49:00,שפירא,שירה,1008,בית ספר עמל פתח תקווה,י1,כיתה י׳1,3,2,1,3,1,4,1,1,2
STU0140,פיילוט ג,2024-10-23 14:32:00,כץ,ניר,1004,בית ספר דה שליט רחובות,ט1,כיתה ט׳1,1,1,1,2,1,3,1,2,2
STU0141,פיילוט א,2024-12-27 16:21:00,בן יוסף,ליאור,1001,בית ספר אורט נהריה,יא2,כיתה יא׳2,2,3,3,3,3,5,2,3,1
STU0142,פיילוט ב,2025-02-24 15:20:00,נחמיאס,ליאור,1005,תיכון עירוני ד׳ תל אביב,יא1,כיתה יא׳1,3,4,5,4,4,3,4,5,3
STU0143,פיילוט א,2024-09-21 13:59:00,זיו,תמר,1005,תיכון עירוני ד׳ תל אביב,י1,כיתה י׳1,4,3,3,2,3,3,2,2,2
STU0144,פיילוט א,2024-11-01 11:03:00,בן דוד,אייל,1008,בית ספר עמל פתח תקווה,ט2,כיתה ט׳2,3,3,4,2,2,3,3,4,3
STU0145,פיילוט א,2024-12-14 15:30:00,פרידמן,גיל,1004,בית ספר דה שליט רחובות,ט1,כיתה ט׳1,3,3,3,1,4,3,1,4,1
STU0146,פיילוט ג,2024-12-16 10:59:00,לוי,יעל,1006,בית ספר נעמן עכו,י1,כיתה י׳1,3,5,5,3,5,4,5,4,3
STU0147,פיילוט ג,2025-02-12 16:33:00,נחמיאס,שירה,1008,בית ספר עמל פתח תקווה,ט2,כיתה ט׳2,2,1,3,3,4,3,2,3,2
STU0148,פיילוט א,2024-11-26 12:36:00,פרידמן,דוד,1008,בית ספר עמל פתח תקווה,י1,כיתה י׳1,4,3,5,4,5,3,5,4,3
STU0149,פיילוט ב,2024-11-03 08:16:00,שפירא,אייל,1007,תיכון מקיף גבעתיים,יב1,כיתה יב׳1,3,1,3,3,2,3,1,3,2
STU0150,פיילוט ב,2024-10-31 08:42:00,פרץ,רחל,1008,בית ספר עמל פתח תקווה,יב1,כיתה יב׳1,3,3,4,3,2,4,3,3,3
STU0151,פיילוט ב,2024-10-27 11:08:00,נחמיאס,שירה,1005,תיכון עירוני ד׳ תל אביב,ט2,כיתה ט׳2,3,2,2,3,1,4,1,2,2
STU0152,פיילוט ג,2025-01-31 09:33:00,זיו,הדס,1008,בית ספר עמל פתח תקווה,יא2,כיתה יא׳2,3,3,4,2,4,5,1,2,3
STU0153,פיילוט ג,2025-01-12 15:07:00,פרידמן,גלית,1006,בית ספר נעמן עכו,ט1,כיתה ט׳1,3,5,5,3,5,4,3,4,4
STU0154,פיילוט ג,2024-12-28 12:46:00,כהן,יעל,1008,בית ספר עמל פתח תקווה,ט1,כיתה ט׳1,2,2,2,3,3,4,3,2,3
STU0155,פיילוט א,2024-09-16 09:59:00,נחמיאס,יוסף,1005,תיכון עירוני ד׳ תל אביב,יב1,כיתה יב׳1,1,2,1,1,1,3,2,1,2
STU0156,פיילוט א,2024-12-06 09:43:00,בן יוסף,שירה,1005,תיכון עירוני ד׳ תל אביב,י2,כיתה י׳2,1,2,3,3,1,3,1,2,1
STU0157,פיילוט א,2025-02-20 16:27:00,בן יוסף,יעל,1006,בית ספר נעמן עכו,ט1,כיתה ט׳1,3,3,2,3,2,3,1,3,2
STU0158,פיילוט ב,2024-09-05 11:13:00,מזרחי,אורי,1004,בית ספר דה שליט רחובות,ט2,כיתה ט׳2,2,2,2,3,2,3,3,3,3
STU0159,פיילוט ג,2024-10-26 08:08:00,בן דוד,גיל,1001,בית ספר אורט נהריה,י2,כיתה י׳2,3,1,1,3,1,3,1,1,2
STU0160,פיילוט ג,2025-01-12 11:26:00,גרוס,תמר,1004,בית ספר דה שליט רחובות,יב1,כיתה יב׳1,3,3,4,3,3,3,2,2,3
STU0161,פיילוט ג,2025-02-19 14:50:00,בן דוד,אדר,1001,בית ספר אורט נהריה,יא1,כיתה יא׳1,1,2,3,2,2,3,1,2,2
STU0162,פיילוט א,2024-12-28 08:35:00,אלמוג,עמית,1007,תיכון מקיף גבעתיים,י2,כיתה י׳2,3,1,4,2,2,3,2,4,1
STU0163,פיילוט א,2024-10-19 08:17:00,שפירא,שון,1003,תיכון הרצליה תל אביב,י2,כיתה י׳2,3,4,5,3,5,3,3,5,5
STU0164,פיילוט א,2024-09-04 11:59:00,פרידמן,אורי,1001,בית ספר אורט נהריה,יב1,כיתה יב׳1,5,5,5,5,4,3,3,5,4
STU0165,פיילוט ג,2025-01-15 13:19:00,דהן,ליאור,1008,בית ספר עמל פתח תקווה,ט2,כיתה ט׳2,3,1,2,1,2,3,1,2,1
STU0166,פיילוט א,2024-10-08 08:16:00,בן יוסף,גלית,1008,בית ספר עמל פתח תקווה,י2,כיתה י׳2,2,1,1,2,1,3,1,3,1
STU0167,פיילוט א,2024-11-26 12:48:00,נחמיאס,ניר,1007,תיכון מקיף גבעתיים,י1,כיתה י׳1,4,3,5,5,4,3,5,5,5
STU0168,פיילוט ג,2025-01-13 08:53:00,מזרחי,יוסף,1008,בית ספר עמל פתח תקווה,ט2,כיתה ט׳2,2,1,4,3,3,3,3,4,1
STU0169,פיילוט א,2024-09-16 17:40:00,כץ,ניר,1001,בית ספר אורט נהריה,י2,כיתה י׳2,1,1,3,1,1,2,2,2,1
STU0170,פיילוט א,2024-09-05 16:52:00,אלמוג,דוד,1008,בית ספר עמל פתח תקווה,ט1,כיתה ט׳1,4,2,2,1,4,5,2,4,2
STU0171,פיילוט ג,2024-12-05 14:29:00,שלום,אייל,1002,בית ספר ריאלי חיפה,ט1,כיתה ט׳1,3,3,5,5,5,3,4,5,3
STU0172,פיילוט ג,2024-09-15 08:44:00,אברהם,מיכל,1004,בית ספר דה שליט רחובות,י1,כיתה י׳1,5,5,4,3,5,3,4,5,4
STU0173,פיילוט ב,2024-12-31 12:02:00,מזרחי,תמר,1008,בית ספר עמל פתח תקווה,יב1,כיתה יב׳1,2,2,1,3,1,2,1,3,2
STU0174,פיילוט ב,2024-11-01 17:53:00,שפירא,יונתן,1001,בית ספר אורט נהריה,ט2,כיתה ט׳2,3,5,4,5,5,2,4,4,5
STU0175,פיילוט ג,2024-10-30 09:21:00,כץ,שון,1006,בית ספר נעמן עכו,י2,כיתה י׳2,5,5,4,5,5,3,3,4,4
STU0176,פיילוט ב,2024-10-18 17:42:00,שפירא,מיכל,1007,תיכון מקיף גבעתיים,יב1,כיתה יב׳1,5,4,5,4,4,3,5,5,4
STU0177,פיילוט א,2024-12-09 13:23:00,פרץ,מיכל,1005,תיכון עירוני ד׳ תל אביב,יב1,כיתה יב׳1,1,1,2,1,1,4,2,1,2
STU0178,פיילוט ב,2025-01-10 14:06:00,כהן,מיכל,1001,בית ספר אורט נהריה,י1,כיתה י׳1,3,1,2,1,2,4,2,4,3
STU0179,פיילוט א,2025-01-22 11:36:00,בן דוד,דוד,1006,בית ספר נעמן עכו,יא1,כיתה יא׳1,3,1,2,1,1,3,1,1,2
STU0180,פיילוט א,2024-11-16 15:50:00,מזרחי,ליאור,1007,תיכון מקיף גבעתיים,ט2,כיתה ט׳2,4,4,5,3,4,2,4,5,4
STU0181,פיילוט ג,2024-12-11 13:53:00,כץ,יעל,1005,תיכון עירוני ד׳ תל אביב,ט2,כיתה ט׳2,2,2,3,1,1,2,1,2,1
STU0182,פיילוט ב,2024-11-20 10:25:00,ברק,גיל,1006,בית ספר נעמן עכו,י2,כיתה י׳2,4,3,2,2,3,5,3,2,2
STU0183,פיילוט א,2024-10-17 16:01:00,זיו,רונית,1008,בית ספר עמל פתח תקווה,יא1,כיתה יא׳1,3,2,3,2,2,5,1,4,3
STU0184,פיילוט ב,2025-02-16 10:45:00,אלמוג,יעל,1008,בית ספר עמל פתח תקווה,יב1,כיתה יב׳1,1,1,3,2,1,4,1,1,1
STU0185,פיילוט ג,2025-02-27 16:38:00,מזרחי,אורי,1002,בית ספר ריאלי חיפה,י2,כיתה י׳2,4,2,4,3,4,4,3,2,2
STU0186,פיילוט ג,2024-11-24 14:06:00,כהן,אורי,1004,בית ספר דה שליט רחובות,יא2,כיתה יא׳2,2,3,4,1,4,5,3,4,2
STU0187,פיילוט ג,2024-12-28 17:44:00,בן דוד,שירה,1005,תיכון עירוני ד׳ תל אביב,ט2,כיתה ט׳2,3,2,3,3,2,2,1,2,1
STU0188,פיילוט ב,2024-12-26 11:33:00,נחמיאס,ליאור,1006,בית ספר נעמן עכו,ט1,כיתה ט׳1,4,4,4,3,5,2,4,5,4
STU0189,פיילוט ב,2024-11-27 09:43:00,אברהם,אייל,1008,בית ספר עמל פתח תקווה,ט1,כיתה ט׳1,3,1,2,1,1,2,2,1,1
STU0190,פיילוט א,2025-02-16 14:25:00,כהן,שון,1003,תיכון הרצליה תל אביב,יא1,כיתה יא׳1,4,2,3,1,3,5,1,2,3
STU0191,פיילוט ג,2024-09-27 16:11:00,אלון,אדר,1004,בית ספר דה שליט רחובות,י2,כיתה י׳2,3,1,4,1,2,4,3,2,3
STU0192,פיילוט א,2025-01-29 09:22:00,אלון,רחל,1004,בית ספר דה שליט רחובות,י2,כיתה י׳2,5,4,5,5,5,4,4,5,4
STU0193,פיילוט ג,2024-11-18 09:11:00,אלון,שירה,1003,תיכון הרצליה תל אביב,יב1,כיתה יב׳1,2,2,3,1,2,2,1,1,1
STU0194,פיילוט ג,2024-10-15 16:10:00,נחמיאס,גיל,1007,תיכון מקיף גבעתיים,י2,כיתה י׳2,5,4,5,3,5,4,5,5,5
STU0195,פיילוט ב,2025-01-08 15:26:00,נחמיאס,עמית,1003,תיכון הרצליה תל אביב,ט2,כיתה ט׳2,4,1,3,1,3,3,1,3,3
STU0196,פיילוט א,2024-10-14 15:36:00,נחמיאס,יונתן,1008,בית ספר עמל פתח תקווה,י2,כיתה י׳2,5,3,4,4,4,3,3,5,4
STU0197,פיילוט א,2024-09-27 11:19:00,לוי,רחל,1002,בית ספר ריאלי חיפה,יא1,כיתה יא׳1,5,4,5,3,5,3,5,4,4
STU0198,פיילוט א,2025-02-09 14:10:00,כץ,שירה,1005,תיכון עירוני ד׳ תל אביב,י1,כיתה י׳1,2,1,2,3,4,5,2,4,3
STU0199,פיילוט א,2024-11-14 12:36:00,דהן,הדס,1004,בית ספר דה שליט רחובות,יב1,כיתה יב׳1,5,4,5,4,5,4,3,5,5
STU0200,פיילוט ב,2024-11-03 14:31:00,ביטון,גלית,1002,בית ספר ריאלי חיפה,ט2,כיתה ט׳2,4,5,4,5,4,2,3,5,4
STU0201,פיילוט ב,2024-12-04 15:31:00,ברק,גלית,1005,תיכון עירוני ד׳ תל אביב,יא2,כיתה יא׳2,3,1,4,1,3,5,3,3,3
STU0202,פיילוט ג,2024-10-26 14:52:00,פרידמן,ניר,1001,בית ספר אורט נהריה,יב1,כיתה יב׳1,5,4,5,5,5,3,3,5,4
STU0203,פיילוט ב,2024-09-26 15:01:00,פרץ,דוד,1005,תיכון עירוני ד׳ תל אביב,י1,כיתה י׳1,4,3,2,3,3,4,3,2,1
STU0204,פיילוט א,2024-12-02 12:05:00,אלון,דוד,1008,בית ספר עמל פתח תקווה,י2,כיתה י׳2,2,3,2,3,3,3,2,2,3
STU0205,פיילוט ג,2024-10-25 15:04:00,ביטון,גלית,1001,בית ספר אורט נהריה,י2,כיתה י׳2,4,3,2,2,4,3,3,2,1
STU0206,פיילוט ג,2024-09-19 11:24:00,מזרחי,אורי,1004,בית ספר דה שליט רחובות,יא1,כיתה יא׳1,2,1,4,2,2,4,3,2,2
STU0207,פיילוט ב,2024-09-03 17:41:00,אברהם,רחל,1002,בית ספר ריאלי חיפה,י1,כיתה י׳1,2,2,2,3,4,3,1,4,3
STU0208,פיילוט א,2024-10-06 09:37:00,שפירא,ליאור,1006,בית ספר נעמן עכו,יא2,כיתה יא׳2,3,1,2,3,2,3,1,1,1
STU0209,פיילוט א,2024-11-12 08:54:00,גרוס,רונית,1007,תיכון מקיף גבעתיים,י1,כיתה י׳1,4,5,4,3,5,4,5,5,5
STU0210,פיילוט ב,2025-01-31 09:33:00,כהן,ליאור,1004,בית ספר דה שליט רחובות,יא2,כיתה יא׳2,4,1,2,2,3,3,1,3,3
STU0211,פיילוט ב,2024-09-18 08:16:00,פרידמן,יוסף,1006,בית ספר נעמן עכו,ט2,כיתה ט׳2,3,2,4,3,2,4,1,2,3
STU0212,פיילוט ב,2025-02-11 16:34:00,כץ,שירה,1001,בית ספר אורט נהריה,יב1,כיתה יב׳1,3,3,4,3,3,4,3,3,1
STU0213,פיילוט ב,2025-02-22 09:19:00,אלמוג,אייל,1005,תיכון עירוני ד׳ תל אביב,ט1,כיתה ט׳1,5,3,4,5,5,3,5,5,5
STU0214,פיילוט א,2024-10-15 09:00:00,ביטון,נועה,1001,בית ספר אורט נהריה,ט2,כיתה ט׳2,2,2,4,3,2,4,3,4,3
STU0215,פיילוט ב,2024-10-01 08:21:00,אלמוג,תמר,1003,תיכון הרצליה תל אביב,י2,כיתה י׳2,4,3,3,1,3,3,3,3,3
STU0216,פיילוט ג,2024-10-13 13:10:00,דהן,אורי,1002,בית ספר ריאלי חיפה,י1,כיתה י׳1,4,1,3,2,4,4,1,3,3
STU0217,פיילוט ג,2024-10-16 08:35:00,אלמוג,אייל,1002,בית ספר ריאלי חיפה,ט2,כיתה ט׳2,2,1,2,1,2,4,2,3,1
STU0218,פיילוט ב,2024-10-16 11:51:00,בן דוד,יוסף,1006,בית ספר נעמן עכו,ט2,כיתה ט׳2,2,1,1,3,1,2,2,3,1
STU0219,פיילוט ב,2025-01-23 12:47:00,כץ,אייל,1007,תיכון מקיף גבעתיים,ט1,כיתה ט׳1,3,2,2,3,3,3,2,2,2
STU0220,פיילוט ג,2025-01-17 13:40:00,כהן,אדר,1008,בית ספר עמל פתח תקווה,י1,כיתה י׳1,2,3,4,1,2,3,2,2,1
STU0221,פיילוט ג,2024-09-16 10:45:00,דהן,מיכל,1001,בית ספר אורט נהריה,יב1,כיתה יב׳1,4,3,3,1,2,5,1,3,2
STU0222,פיילוט ג,2025-02-11 14:04:00,שלום,גלית,1001,בית ספר אורט נהריה,ט2,כיתה ט׳2,4,2,3,3,2,5,1,4,1
STU0223,פיילוט ג,2024-12-25 12:14:00,מזרחי,רונית,1001,בית ספר אורט נהריה,י2,כיתה י׳2,3,4,5,4,5,4,5,5,4
STU0224,פיילוט ג,2024-12-01 11:28:00,גרוס,רחל,1003,תיכון הרצליה תל אביב,יב1,כיתה יב׳1,3,3,4,4,5,3,4,4,5
STU0225,פיילוט א,2024-10-08 09:45:00,שמש,ליאור,1005,תיכון עירוני ד׳ תל אביב,יב1,כיתה יב׳1,3,5,5,5,5,4,3,4,4
STU0226,פיילוט א,2024-11-03 09:29:00,פרץ,שירה,1007,תיכון מקיף גבעתיים,יא1,כיתה יא׳1,2,1,1,1,1,3,2,3,2
STU0227,פיילוט א,2025-01-28 17:16:00,מזרחי,נועה,1002,בית ספר ריאלי חיפה,ט1,כיתה ט׳1,1,1,1,2,1,4,2,3,1
STU0228,פיילוט ג,2024-12-20 14:31:00,כהן,יעל,1002,בית ספר ריאלי חיפה,ט2,כיתה ט׳2,2,1,3,1,2,4,1,2,3
STU0229,פיילוט ב,2024-11-02 12:31:00,אלמוג,יונתן,1007,תיכון מקיף גבעתיים,ט2,כיתה ט׳2,3,4,5,4,4,2,5,5,5
STU0230,פיילוט א,2024-09-05 14:50:00,אלון,ניר,1008,בית ספר עמל פתח תקווה,ט1,כיתה ט׳1,3,1,3,1,4,5,1,4,3
STU0231,פיילוט ג,2024-11-11 08:51:00,נחמיאס,הדס,1008,בית ספר עמל פתח תקווה,י1,כיתה י׳1,3,2,3,1,2,4,3,2,1
STU0232,פיילוט ג,2024-10-27 17:54:00,שפירא,ליאור,1006,בית ספר נעמן עכו,יב1,כיתה יב׳1,3,3,4,5,4,3,5,5,3
STU0233,פיילוט א,2025-01-24 17:09:00,שלום,רונית,1003,תיכון הרצליה תל אביב,ט2,כיתה ט׳2,2,2,3,2,2,2,2,3,1
STU0234,פיילוט ב,2025-01-01 08:21:00,כץ,רונית,1008,בית ספר עמל פתח תקווה,יא1,כיתה יא׳1,4,3,4,3,4,4,3,4,5
STU0235,פיילוט ג,2024-12-03 09:23:00,שפירא,גלית,1003,תיכון הרצליה תל אביב,י1,כיתה י׳1,4,3,4,3,5,4,3,4,5
STU0236,פיילוט ב,2025-01-22 17:50:00,אלון,אייל,1002,בית ספר ריאלי חיפה,י1,כיתה י׳1,2,1,4,2,4,4,3,3,1
STU0237,פיילוט ב,2025-01-24 08:11:00,כץ,אדר,1003,תיכון הרצליה תל אביב,י2,כיתה י׳2,3,1,1,1,2,2,2,3,1
STU0238,פיילוט ג,2025-02-10 09:52:00,ברק,רחל,1004,בית ספר דה שליט רחובות,יא2,כיתה יא׳2,4,3,5,5,4,2,4,5,3
STU0239,פיילוט א,2024-12-22 14:10:00,אלמוג,ניר,1001,בית ספר אורט נהריה,י1,כיתה י׳1,5,3,5,4,4,4,3,4,4
STU0240,פיילוט ג,2024-09-09 12:01:00,ברק,תמר,1007,תיכון מקיף גבעתיים,י1,כיתה י׳1,2,2,4,3,4,3,1,3,1
STU0241,פיילוט ב,2025-01-02 08:27:00,אברהם,שון,1002,בית ספר ריאלי חיפה,ט1,כיתה ט׳1,4,3,5,3,5,2,4,5,5
STU0242,פיילוט א,2024-11-07 12:19:00,שמש,אורי,1007,תיכון מקיף גבעתיים,ט2,כיתה ט׳2,4,3,4,4,5,4,5,5,5
STU0243,פיילוט ג,2025-02-08 17:30:00,פרידמן,אורי,1001,בית ספר אורט נהריה,י2,כיתה י׳2,3,1,2,2,2,4,1,3,3
STU0244,פיילוט א,2024-11-07 09:41:00,בן יוסף,יעל,1001,בית ספר אורט נהריה,ט2,כיתה ט׳2,2,1,2,1,1,3,1,2,2
STU0245,פיילוט ב,2025-01-23 08:09:00,פרץ,מיכל,1003,תיכון הרצליה תל אביב,י1,כיתה י׳1,2,2,2,2,3,4,2,2,2
STU0246,פיילוט ג,2024-12-31 17:56:00,שמש,ניר,1006,בית ספר נעמן עכו,יב1,כיתה יב׳1,4,1,4,1,3,5,2,4,3
STU0247,פיילוט ב,2024-12-24 10:10:00,פרידמן,רונית,1005,תיכון עירוני ד׳ תל אביב,ט1,כיתה ט׳1,1,2,3,3,2,4,2,1,1
STU0248,פיילוט ב,2024-09-18 09:24:00,בן יוסף,יעל,1003,תיכון הרצליה תל אביב,ט1,כיתה ט׳1,5,4,4,5,4,4,4,5,5
STU0249,פיילוט ב,2024-10-09 10:36:00,שלום,גלית,1006,בית ספר נעמן עכו,יב1,כיתה יב׳1,3,1,4,3,4,5,2,2,2
STU0250,פיילוט ג,2025-01-25 17:30:00,לוי,דוד,1002,בית ספר ריאלי חיפה,ט1,כיתה ט׳1,1,1,3,2,1,3,1,3,1
STU0251,פיילוט א,2024-09-13 15:58:00,דהן,ליאור,1005,תיכון עירוני ד׳ תל אביב,י2,כיתה י׳2,3,2,3,2,1,3,1,3,1
STU0252,פיילוט ב,2024-12-23 13:17:00,אלמוג,שון,1001,בית ספר אורט נהריה,י1,כיתה י׳1,3,2,4,3,2,3,1,3,3
STU0253,פיילוט ב,2024-11-19 16:25:00,ביטון,הדס,1002,בית ספר ריאלי חיפה,ט2,כיתה ט׳2,4,5,5,5,5,2,5,4,3
STU0254,פיילוט א,2024-12-04 15:32:00,שפירא,אורי,1001,בית ספר אורט נהריה,ט2,כיתה ט׳2,3,3,4,4,4,3,5,4,4
STU0255,פיילוט ב,2024-11-06 09:18:00,כהן,יעל,1001,בית ספר אורט נהריה,ט2,כיתה ט׳2,4,2,2,2,4,5,2,3,1
STU0256,פיילוט ג,2025-01-10 08:55:00,כהן,ניר,1001,בית ספר אורט נהריה,ט2,כיתה ט׳2,1,1,3,1,2,2,1,3,1
STU0257,פיילוט א,2024-12-18 14:54:00,אלון,רחל,1003,תיכון הרצליה תל אביב,יא2,כיתה יא׳2,1,1,2,3,1,4,2,3,1
STU0258,פיילוט ב,2024-12-05 16:41:00,כץ,שון,1005,תיכון עירוני ד׳ תל אביב,ט2,כיתה ט׳2,4,3,4,2,4,3,1,4,3
STU0259,פיילוט ג,2025-02-14 12:12:00,ביטון,הדס,1005,תיכון עירוני ד׳ תל אביב,י1,כיתה י׳1,4,3,5,4,5,3,4,5,5
STU0260,פיילוט ג,2024-11-06 14:25:00,שפירא,יוסף,1004,בית ספר דה שליט רחובות,ט1,כיתה ט׳1,4,2,4,1,4,3,3,3,2
STU0261,פיילוט ג,2024-10-14 16:11:00,גרוס,אורי,1004,בית ספר דה שליט רחובות,י1,כיתה י׳1,1,2,3,3,1,4,1,3,1
STU0262,פיילוט ג,2024-10-28 12:26:00,ברק,ליאור,1008,בית ספר עמל פתח תקווה,ט2,כיתה ט׳2,5,5,4,5,5,4,3,4,4
STU0263,פיילוט ב,2024-10-20 16:07:00,שפירא,הדס,1005,תיכון עירוני ד׳ תל אביב,יא1,כיתה יא׳1,2,2,2,3,4,5,3,2,2
STU0264,פיילוט א,2024-10-17 09:31:00,ברק,דוד,1005,תיכון עירוני ד׳ תל אביב,י2,כיתה י׳2,3,3,5,4,5,3,3,5,5
STU0265,פיילוט א,2025-02-05 14:40:00,אלמוג,יעל,1006,בית ספר נעמן עכו,יא2,כיתה יא׳2,4,4,4,3,5,2,4,4,3
STU0266,פיילוט ב,2024-09-05 08:40:00,שמש,אייל,1007,תיכון מקיף גבעתיים,י2,כיתה י׳2,3,5,4,5,5,2,4,5,3
STU0267,פיילוט א,2024-12-26 16:38:00,בן דוד,אדר,1006,בית ספר נעמן עכו,י1,כיתה י׳1,4,5,5,4,4,2,3,5,4
STU0268,פיילוט א,2024-10-04 11:46:00,כהן,גלית,1007,תיכון מקיף גבעתיים,יא2,כיתה יא׳2,3,2,2,1,3,3,1,2,3
STU0269,פיילוט ב,2024-09-13 09:41:00,כהן,יוסף,1003,תיכון הרצליה תל אביב,ט1,כיתה ט׳1,3,1,2,3,1,4,2,1,2
STU0270,פיילוט ב,2025-02-09 08:19:00,אלמוג,אורי,1002,בית ספר ריאלי חיפה,י2,כיתה י׳2,2,3,3,2,4,3,1,4,3
STU0271,פיילוט ג,2024-09-28 15:12:00,כץ,רונית,1005,תיכון עירוני ד׳ תל אביב,יא1,כיתה יא׳1,1,1,1,3,2,4,1,2,1
STU0272,פיילוט ג,2025-02-24 15:21:00,שמש,נועה,1005,תיכון עירוני ד׳ תל אביב,יב1,כיתה יב׳1,4,5,5,4,4,2,5,5,3
STU0273,פיילוט א,2024-09-26 12:41:00,שמש,רחל,1001,בית ספר אורט נהריה,יא2,כיתה יא׳2,5,5,5,3,4,4,3,5,5
STU0274,פיילוט ב,2024-09-30 09:54:00,לוי,נועה,1005,תיכון עירוני ד׳ תל אביב,י1,כיתה י׳1,3,3,4,4,5,4,4,5,5
STU0275,פיילוט ג,2024-10-17 09:25:00,שפירא,רחל,1003,תיכון הרצליה תל אביב,יא2,כיתה יא׳2,4,4,5,5,5,4,3,5,4
STU0276,פיילוט ב,2024-10-11 09:26:00,שלום,ניר,1005,תיכון עירוני ד׳ תל אביב,יב1,כיתה יב׳1,2,1,3,1,1,2,2,3,1
STU0277,פיילוט ג,2024-12-15 15:02:00,מזרחי,תמר,1008,בית ספר עמל פתח תקווה,ט2,כיתה ט׳2,3,3,2,3,4,3,2,3,1
STU0278,פיילוט ג,2025-01-12 17:06:00,אלמוג,אייל,1006,בית ספר נעמן עכו,ט1,כיתה ט׳1,3,2,3,3,2,2,2,2,2
STU0279,פיילוט ג,2025-01-08 15:54:00,נחמיאס,דוד,1008,בית ספר עמל פתח תקווה,י1,כיתה י׳1,3,1,1,3,2,2,1,3,1
STU0280,פיילוט ב,2024-12-13 11:05:00,זיו,רחל,1002,בית ספר ריאלי חיפה,יב1,כיתה יב׳1,2,2,3,1,4,3,3,4,2
STU0281,פיילוט ב,2024-09-10 16:35:00,כהן,מיכל,1008,בית ספר עמל פתח תקווה,ט1,כיתה ט׳1,3,1,3,3,4,3,1,3,2
STU0282,פיילוט ג,2025-01-22 17:38:00,נחמיאס,ליאור,1005,תיכון עירוני ד׳ תל אביב,יא1,כיתה יא׳1,5,5,5,4,5,2,3,5,4
STU0283,פיילוט א,2024-12-05 09:02:00,אברהם,ניר,1008,בית ספר עמל פתח תקווה,ט1,כיתה ט׳1,3,1,1,2,1,4,1,3,2
STU0284,פיילוט ג,2024-10-26 15:52:00,פרידמן,אדר,1003,תיכון הרצליה תל אביב,יב1,כיתה יב׳1,3,1,1,2,2,2,1,1,1
STU0285,פיילוט ב,2024-10-05 15:00:00,בן דוד,יוסף,1002,בית ספר ריאלי חיפה,יב1,כיתה יב׳1,5,5,5,3,5,3,5,5,5
STU0286,פיילוט ג,2025-02-16 17:38:00,ברק,הדס,1007,תיכון מקיף גבעתיים,יב1,כיתה יב׳1,4,1,4,3,2,5,1,2,2
STU0287,פיילוט ג,2025-02-02 16:19:00,בן יוסף,אדר,1007,תיכון מקיף גבעתיים,י2,כיתה י׳2,1,1,2,2,1,3,1,1,1
STU0288,פיילוט א,2025-01-07 16:44:00,ברק,אורי,1004,בית ספר דה שליט רחובות,ט2,כיתה ט׳2,3,1,3,2,2,2,2,3,1
STU0289,פיילוט ב,2024-09-04 16:06:00,כהן,יעל,1006,בית ספר נעמן עכו,יא1,כיתה יא׳1,4,3,4,2,4,5,3,3,2
STU0290,פיילוט ג,2024-11-15 11:48:00,בן יוסף,יוסף,1003,תיכון הרצליה תל אביב,ט1,כיתה ט׳1,3,4,4,4,5,3,3,4,5
STU0291,פיילוט ב,2024-10-31 16:50:00,גרוס,יוסף,1006,בית ספר נעמן עכו,יב1,כיתה יב׳1,5,5,5,5,4,4,5,5,4
STU0292,פיילוט ב,2024-10-28 13:48:00,שלום,יונתן,1007,תיכון מקיף גבעתיים,י2,כיתה י׳2,2,2,1,1,2,3,1,3,1
STU0293,פיילוט ג,2024-10-01 14:02:00,אלמוג,תמר,1004,בית ספר דה שליט רחובות,יב1,כיתה יב׳1,4,4,4,5,4,2,3,5,5
STU0294,פיילוט א,2025-01-31 08:49:00,כץ,גיל,1005,תיכון עירוני ד׳ תל אביב,ט2,כיתה ט׳2,3,1,3,2,4,3,1,2,2
STU0295,פיילוט ג,2025-01-08 10:26:00,בן יוסף,יונתן,1008,בית ספר עמל פתח תקווה,יב1,כיתה יב׳1,3,1,4,2,4,3,1,4,1
STU0296,פיילוט ב,2024-12-31 16:52:00,כהן,אורי,1007,תיכון מקיף גבעתיים,ט1,כיתה ט׳1,3,5,5,4,5,3,3,5,5
STU0297,פיילוט א,2024-11-05 16:46:00,גרוס,נועה,1006,בית ספר נעמן עכו,י2,כיתה י׳2,3,2,1,1,2,3,1,1,1
STU0298,פיילוט ג,2024-10-13 16:34:00,כהן,מיכל,1006,בית ספר נעמן עכו,יא1,כיתה יא׳1,3,1,3,3,2,4,3,2,1
STU0299,פיילוט ג,2025-02-13 09:47:00,ביטון,נועה,1004,בית ספר דה שליט רחובות,יא2,כיתה יא׳2,1,2,2,1,1,4,2,3,1
STU0300,פיילוט ב,2024-11-06 14:24:00,זיו,יעל,1008,בית ספר עמל פתח תקווה,יא2,כיתה יא׳2,3,3,4,3,5,4,3,5,3
STU0301,פיילוט א,2025-01-28 08:44:00,מזרחי,ליאור,1007,תיכון מקיף גבעתיים,י1,כיתה י׳1,4,1,4,1,4,5,3,2,3
STU0302,פיילוט ג,2024-10-11 16:14:00,ביטון,יעל,1002,בית ספר ריאלי חיפה,י1,כיתה י׳1,4,1,3,2,3,4,3,2,2
STU0303,פיילוט א,2024-09-11 08:36:00,כץ,יעל,1005,תיכון עירוני ד׳ תל אביב,יא2,כיתה יא׳2,4,3,4,2,2,5,3,2,1
STU0304,פיילוט א,2024-10-18 11:39:00,דהן,רונית,1002,בית ספר ריאלי חיפה,י1,כיתה י׳1,3,2,2,1,1,4,2,1,1
STU0305,פיילוט ג,2024-11-04 09:12:00,שלום,ניר,1002,בית ספר ריאלי חיפה,ט2,כיתה ט׳2,2,3,3,3,4,3,2,4,1
STU0306,פיילוט א,2024-12-25 13:39:00,גרוס,גלית,1006,בית ספר נעמן עכו,י1,כיתה י׳1,3,1,1,2,2,2,1,2,1
STU0307,פיילוט ג,2025-02-12 14:17:00,אלון,שירה,1003,תיכון הרצליה תל אביב,יא1,כיתה יא׳1,3,2,2,1,3,3,1,4,3
STU0308,פיילוט ב,2024-11-11 10:57:00,בן יוסף,רונית,1006,בית ספר נעמן עכו,י2,כיתה י׳2,3,2,3,3,2,3,3,4,1
STU0309,פיילוט ג,2025-01-30 11:58:00,לוי,יונתן,1005,תיכון עירוני ד׳ תל אביב,יא2,כיתה יא׳2,5,3,4,5,5,2,5,5,4
STU0310,פיילוט ג,2024-12-28 16:32:00,מזרחי,יעל,1005,תיכון עירוני ד׳ תל אביב,יא1,כיתה יא׳1,4,1,3,2,2,5,3,3,1
STU0311,פיילוט א,2025-01-23 17:42:00,ביטון,ניר,1006,בית ספר נעמן עכו,יא1,כיתה יא׳1,1,2,3,1,2,2,1,1,1
STU0312,פיילוט א,2025-01-11 13:24:00,נחמיאס,רחל,1006,בית ספר נעמן עכו,ט1,כיתה ט׳1,2,1,1,2,1,2,1,3,1
STU0313,פיילוט ג,2025-01-24 10:24:00,שפירא,ליאור,1001,בית ספר אורט נהריה,ט1,כיתה ט׳1,2,3,4,3,3,5,2,4,3
STU0314,פיילוט ב,2025-01-07 10:28:00,אברהם,אייל,1002,בית ספר ריאלי חיפה,יא1,כיתה יא׳1,2,3,3,2,3,4,2,4,1
STU0315,פיילוט ג,2024-10-29 14:51:00,ברק,אורי,1002,בית ספר ריאלי חיפה,יא1,כיתה יא׳1,2,1,2,1,3,5,3,2,3
STU0316,פיילוט ב,2025-01-25 17:10:00,ביטון,הדס,1008,בית ספר עמל פתח תקווה,יא2,כיתה יא׳2,2,3,2,3,3,3,1,2,1
STU0317,פיילוט א,2025-02-17 12:05:00,פרידמן,רחל,1001,בית ספר אורט נהריה,יא1,כיתה יא׳1,3,4,4,5,5,4,5,5,3
STU0318,פיילוט ב,2024-11-07 10:46:00,ברק,רחל,1008,בית ספר עמל פתח תקווה,יב1,כיתה יב׳1,3,4,5,3,5,2,5,5,5
STU0319,פיילוט ב,2025-02-03 09:11:00,נחמיאס,שון,1002,בית ספר ריאלי חיפה,ט2,כיתה ט׳2,2,1,2,1,4,5,3,3,1
STU0320,פיילוט ג,2025-02-14 14:33:00,אלמוג,ליאור,1001,בית ספר אורט נהריה,יב1,כיתה יב׳1,2,1,3,3,2,5,3,2,3
STU0321,פיילוט ג,2024-12-18 10:16:00,נחמיאס,אייל,1001,בית ספר אורט נהריה,יא2,כיתה יא׳2,2,2,3,2,4,5,3,4,1
STU0322,פיילוט ג,2024-10-01 16:00:00,שפירא,רונית,1002,בית ספר ריאלי חיפה,י1,כיתה י׳1,3,2,2,1,4,5,1,4,3
STU0323,פיילוט ב,2024-12-03 17:17:00,שפירא,רונית,1006,בית ספר נעמן עכו,י2,כיתה י׳2,3,4,5,5,5,3,5,5,5
STU0324,פיילוט ג,2025-02-28 14:47:00,ביטון,אורי,1007,תיכון מקיף גבעתיים,יא1,כיתה יא׳1,2,2,4,3,3,4,2,4,2
STU0325,פיילוט ג,2025-02-28 08:10:00,שפירא,נועה,1004,בית ספר דה שליט רחובות,י2,כיתה י׳2,3,3,5,4,5,4,5,5,5
STU0326,פיילוט א,2024-09-10 14:59:00,שפירא,שון,1002,בית ספר ריאלי חיפה,יב1,כיתה יב׳1,4,2,2,1,3,3,2,2,3
STU0327,פיילוט ג,2024-10-20 08:50:00,כץ,הדס,1005,תיכון עירוני ד׳ תל אביב,יא2,כיתה יא׳2,3,5,5,4,4,2,5,5,4
STU0328,פיילוט א,2024-11-30 14:25:00,שלום,רונית,1004,בית ספר דה שליט רחובות,יא1,כיתה יא׳1,1,1,1,3,1,2,1,2,1
STU0329,פיילוט ג,2024-10-28 17:12:00,זיו,יעל,1001,בית ספר אורט נהריה,יא2,כיתה יא׳2,3,5,5,5,5,4,4,5,4
STU0330,פיילוט א,2024-11-05 16:52:00,שלום,תמר,1001,בית ספר אורט נהריה,י1,כיתה י׳1,4,1,4,1,4,4,2,2,3
STU0331,פיילוט ג,2024-11-06 09:24:00,שמש,אייל,1008,בית ספר עמל פתח תקווה,י2,כיתה י׳2,2,2,3,3,3,5,1,3,1
STU0332,פיילוט ב,2024-11-27 09:35:00,אברהם,ניר,1006,בית ספר נעמן עכו,י2,כיתה י׳2,4,1,4,2,2,4,1,3,3
STU0333,פיילוט א,2024-11-01 12:13:00,שמש,רונית,1006,בית ספר נעמן עכו,י1,כיתה י׳1,3,1,4,3,2,4,3,2,1
STU0334,פיילוט ג,2025-01-17 08:54:00,נחמיאס,ליאור,1004,בית ספר דה שליט רחובות,יב1,כיתה יב׳1,2,1,2,1,4,5,2,4,1
STU0335,פיילוט ג,2025-01-13 14:30:00,בן יוסף,יוסף,1006,בית ספר נעמן עכו,י2,כיתה י׳2,3,1,4,2,3,3,3,2,1
STU0336,פיילוט ג,2024-09-04 11:24:00,שלום,אורי,1006,בית ספר נעמן עכו,י2,כיתה י׳2,1,1,1,3,2,3,1,3,1
STU0337,פיילוט ג,2024-10-18 15:27:00,פרידמן,עמית,1006,בית ספר נעמן עכו,י1,כיתה י׳1,3,5,5,3,5,3,5,5,4
STU0338,פיילוט ב,2024-11-09 11:35:00,אלמוג,יעל,1006,בית ספר נעמן עכו,י1,כיתה י׳1,3,1,4,1,4,5,1,2,3
STU0339,פיילוט ג,2024-11-20 15:19:00,דהן,יונתן,1004,בית ספר דה שליט רחובות,ט2,כיתה ט׳2,4,3,4,4,5,2,5,5,5
STU0340,פיילוט א,2024-11-25 12:23:00,אלון,יונתן,1001,בית ספר אורט נהריה,י2,כיתה י׳2,1,1,1,2,1,4,1,2,2
STU0341,פיילוט א,2025-01-16 10:49:00,גרוס,ליאור,1005,תיכון עירוני ד׳ תל אביב,י1,כיתה י׳1,2,2,4,3,2,5,3,4,3
STU0342,פיילוט ג,2024-10-13 13:26:00,כץ,גלית,1006,בית ספר נעמן עכו,יא2,כיתה יא׳2,4,2,2,2,4,4,2,4,1
STU0343,פיילוט א,2025-02-02 14:17:00,זיו,ליאור,1007,תיכון מקיף גבעתיים,יב1,כיתה יב׳1,3,4,4,4,5,4,4,5,4
STU0344,פיילוט א,2024-09-21 11:10:00,שפירא,אורי,1008,בית ספר עמל פתח תקווה,י2,כיתה י׳2,3,3,5,3,5,3,5,5,5
STU0345,פיילוט ב,2024-09-22 14:19:00,שמש,אייל,1002,בית ספר ריאלי חיפה,ט1,כיתה ט׳1,2,1,3,3,2,3,2,4,1
STU0346,פיילוט ג,2024-12-29 16:59:00,דהן,יונתן,1005,תיכון עירוני ד׳ תל אביב,י2,כיתה י׳2,3,5,4,3,4,4,4,5,4
STU0347,פיילוט ג,2025-01-13 16:19:00,אלון,ניר,1008,בית ספר עמל פתח תקווה,ט2,כיתה ט׳2,2,3,4,2,4,5,3,4,2
STU0348,פיילוט א,2024-10-05 13:18:00,נחמיאס,יונתן,1004,בית ספר דה שליט רחובות,יב1,כיתה יב׳1,3,2,3,2,2,4,1,2,3
STU0349,פיילוט ב,2024-12-05 11:26:00,בן יוסף,עמית,1001,בית ספר אורט נהריה,יא2,כיתה יא׳2,2,1,1,2,1,4,1,1,2
STU0350,פיילוט א,2024-11-01 16:48:00,כץ,תמר,1007,תיכון מקיף גבעתיים,ט2,כיתה ט׳2,3,2,2,2,1,3,1,2,2
STU0351,פיילוט ג,2024-12-26 17:28:00,דהן,שון,1005,תיכון עירוני ד׳ תל אביב,יא2,כיתה יא׳2,3,2,2,1,2,3,2,2,3
STU0352,פיילוט ב,2024-12-22 08:14:00,מזרחי,שירה,1008,בית ספר עמל פתח תקווה,ט2,כיתה ט׳2,3,3,5,3,4,2,4,5,3
STU0353,פיילוט א,2024-10-08 08:17:00,שפירא,מיכל,1001,בית ספר אורט נהריה,י2,כיתה י׳2,3,2,3,2,3,5,1,3,1
STU0354,פיילוט א,2024-09-09 11:29:00,פרץ,הדס,1008,בית ספר עמל פתח תקווה,ט2,כיתה ט׳2,4,3,4,5,4,3,4,4,5
STU0355,פיילוט ב,2024-10-02 12:30:00,גרוס,רונית,1004,בית ספר דה שליט רחובות,י2,כיתה י׳2,2,1,1,3,2,2,2,3,2
STU0356,פיילוט ג,2024-10-01 14:50:00,שמש,נועה,1006,בית ספר נעמן עכו,ט1,כיתה ט׳1,3,3,5,4,5,2,3,5,5
STU0357,פיילוט ג,2025-02-23 17:21:00,לוי,יוסף,1001,בית ספר אורט נהריה,יא1,כיתה יא׳1,4,3,2,2,2,3,1,3,1
STU0358,פיילוט א,2024-12-22 11:01:00,שפירא,ליאור,1006,בית ספר נעמן עכו,יא2,כיתה יא׳2,3,1,1,2,1,3,2,3,1
STU0359,פיילוט א,2024-10-18 16:22:00,ברק,רחל,1003,תיכון הרצליה תל אביב,י1,כיתה י׳1,4,2,4,2,4,5,2,2,3
STU0360,פיילוט ג,2024-12-26 08:49:00,בן דוד,יעל,1005,תיכון עירוני ד׳ תל אביב,יב1,כיתה יב׳1,2,1,4,1,3,4,2,4,2
STU0361,פיילוט ג,2025-01-13 15:49:00,בן יוסף,שירה,1003,תיכון הרצליה תל אביב,ט1,כיתה ט׳1,4,1,3,3,2,5,3,3,1
STU0362,פיילוט ב,2024-09-09 11:06:00,נחמיאס,רונית,1005,תיכון עירוני ד׳ תל אביב,י1,כיתה י׳1,2,1,1,3,2,2,1,1,1
STU0363,פיילוט ג,2024-12-03 11:38:00,מזרחי,נועה,1002,בית ספר ריאלי חיפה,ט1,כיתה ט׳1,2,2,2,3,2,4,2,2,1
STU0364,פיילוט ב,2024-09-15 17:17:00,בן דוד,יוסף,1004,בית ספר דה שליט רחובות,יא2,כיתה יא׳2,4,5,4,4,5,4,4,5,5
STU0365,פיילוט ב,2024-10-20 16:42:00,שמש,גלית,1002,בית ספר ריאלי חיפה,יב1,כיתה יב׳1,3,5,4,3,5,2,5,5,3
STU0366,פיילוט ג,2025-02-18 14:56:00,פרץ,דוד,1003,תיכון הרצליה תל אביב,יא1,כיתה יא׳1,3,3,2,3,4,4,3,3,3
STU0367,פיילוט ב,2024-11-23 13:26:00,אלמוג,אדר,1003,תיכון הרצליה תל אביב,יא1,כיתה יא׳1,3,3,2,3,4,4,2,3,3
STU0368,פיילוט ג,2024-09-09 12:38:00,כהן,הדס,1004,בית ספר דה שליט רחובות,יא1,כיתה יא׳1,4,5,5,4,5,3,4,5,3
STU0369,פיילוט א,2025-01-25 17:09:00,פרץ,יוסף,1003,תיכון הרצליה תל אביב,י1,כיתה י׳1,2,1,3,1,4,4,3,4,3
STU0370,פיילוט א,2024-12-12 17:58:00,פרידמן,מיכל,1008,בית ספר עמל פתח תקווה,י1,כיתה י׳1,4,4,5,3,4,3,4,4,5
STU0371,פיילוט ב,2025-01-26 14:05:00,לוי,אדר,1006,בית ספר נעמן עכו,יב1,כיתה יב׳1,4,5,5,5,4,4,5,5,3
STU0372,פיילוט ב,2024-09-14 12:33:00,לוי,אדר,1006,בית ספר נעמן עכו,יב1,כיתה יב׳1,2,1,4,3,4,3,3,4,2
STU0373,פיילוט ג,2025-01-08 09:14:00,אלמוג,גיל,1003,תיכון הרצליה תל אביב,י1,כיתה י׳1,1,1,1,3,2,3,1,3,2
STU0374,פיילוט א,2024-12-12 16:27:00,ביטון,שירה,1007,תיכון מקיף גבעתיים,ט2,כיתה ט׳2,2,2,4,3,2,5,2,3,1
STU0375,פיילוט א,2024-11-02 09:17:00,אלמוג,אדר,1008,בית ספר עמל פתח תקווה,יא1,כיתה יא׳1,3,3,4,1,4,5,3,4,1
STU0376,פיילוט ג,2024-11-18 10:22:00,כץ,רחל,1002,בית ספר ריאלי חיפה,ט1,כיתה ט׳1,3,2,3,1,3,4,3,4,1
STU0377,פיילוט א,2024-11-02 17:59:00,ביטון,גיל,1003,תיכון הרצליה תל אביב,י2,כיתה י׳2,3,5,5,3,5,2,3,5,3
STU0378,פיילוט ג,2024-10-23 16:33:00,דהן,יונתן,1001,בית ספר אורט נהריה,י1,כיתה י׳1,4,4,5,3,5,2,5,5,3
STU0379,פיילוט ג,2024-11-05 10:03:00,גרוס,רונית,1008,בית ספר עמל פתח תקווה,יא1,כיתה יא׳1,5,5,5,3,5,4,5,5,3
STU0380,פיילוט ב,2024-09-05 12:55:00,שפירא,אייל,1005,תיכון עירוני ד׳ תל אביב,ט1,כיתה ט׳1,1,1,2,3,1,4,2,2,1
STU0381,פיילוט ג,2025-01-22 08:02:00,שמש,הדס,1007,תיכון מקיף גבעתיים,יא1,כיתה יא׳1,4,4,5,5,4,2,3,5,4
STU0382,פיילוט ב,2024-10-31 16:17:00,לוי,תמר,1005,תיכון עירוני ד׳ תל אביב,י1,כיתה י׳1,4,1,2,2,4,4,2,4,2
STU0383,פיילוט א,2024-12-07 16:43:00,כץ,אייל,1007,תיכון מקיף גבעתיים,יב1,כיתה יב׳1,3,1,2,2,3,5,1,2,3
STU0384,פיילוט ג,2024-10-06 17:34:00,פרידמן,שירה,1007,תיכון מקיף גבעתיים,ט2,כיתה ט׳2,4,4,5,4,5,4,3,4,5
STU0385,פיילוט ג,2025-01-15 09:11:00,ברק,שירה,1005,תיכון עירוני ד׳ תל אביב,יא2,כיתה יא׳2,2,2,2,3,4,3,2,2,3
STU0386,פיילוט ב,2024-09-28 10:11:00,כהן,שון,1001,בית ספר אורט נהריה,יב1,כיתה יב׳1,3,2,3,3,4,5,2,2,1
STU0387,פיילוט ג,2025-01-01 10:32:00,כץ,ניר,1005,תיכון עירוני ד׳ תל אביב,יא1,כיתה יא׳1,1,2,1,1,2,2,1,1,2
STU0388,פיילוט ב,2024-12-15 11:47:00,פרידמן,רונית,1006,בית ספר נעמן עכו,ט2,כיתה ט׳2,3,1,2,1,2,3,2,2,2
STU0389,פיילוט ב,2024-12-07 13:25:00,כץ,גלית,1002,בית ספר ריאלי חיפה,ט2,כיתה ט׳2,2,2,2,2,1,3,1,1,2
STU0390,פיילוט א,2024-12-09 16:48:00,לוי,רונית,1001,בית ספר אורט נהריה,יא1,כיתה יא׳1,3,1,2,3,4,4,3,2,3
STU0391,פיילוט ב,2024-10-07 15:53:00,זיו,מיכל,1005,תיכון עירוני ד׳ תל אביב,י2,כיתה י׳2,3,2,2,2,3,5,1,4,3
STU0392,פיילוט ג,2025-01-30 11:56:00,זיו,מיכל,1002,בית ספר ריאלי חיפה,ט2,כיתה ט׳2,3,1,2,2,1,3,1,1,1
STU0393,פיילוט ג,2025-02-10 13:05:00,בן דוד,יעל,1005,תיכון עירוני ד׳ תל אביב,י1,כיתה י׳1,3,1,3,3,1,2,1,3,1
STU0394,פיילוט ג,2024-09-14 14:19:00,גרוס,רחל,1003,תיכון הרצליה תל אביב,י2,כיתה י׳2,2,1,3,3,4,3,1,2,1
STU0395,פיילוט א,2025-01-18 08:38:00,נחמיאס,אייל,1005,תיכון עירוני ד׳ תל אביב,יא2,כיתה יא׳2,3,3,4,5,5,2,4,5,4
STU0396,פיילוט ג,2024-11-11 17:40:00,בן יוסף,רונית,1004,בית ספר דה שליט רחובות,יא1,כיתה יא׳1,3,2,3,1,4,5,1,2,3
STU0397,פיילוט א,2024-11-24 09:03:00,פרץ,עמית,1001,בית ספר אורט נהריה,ט2,כיתה ט׳2,5,4,4,3,4,4,5,5,4
STU0398,פיילוט ג,2025-01-27 13:59:00,לוי,מיכל,1003,תיכון הרצליה תל אביב,ט2,כיתה ט׳2,4,3,4,3,4,5,3,2,2
STU0399,פיילוט ב,2024-11-10 13:33:00,אלמוג,הדס,1005,תיכון עירוני ד׳ תל אביב,י1,כיתה י׳1,2,2,4,1,3,4,1,2,3
STU0400,פיילוט א,2025-02-24 17:59:00,גרוס,עמית,1004,בית ספר דה שליט רחובות,יא2,כיתה יא׳2,1,1,3,3,2,4,1,2,2
STU0401,פיילוט ג,2025-01-06 15:51:00,אברהם,שון,1006,בית ספר נעמן עכו,י1,כיתה י׳1,4,2,2,3,4,4,3,4,3
STU0402,פיילוט ב,2024-12-16 14:02:00,ברק,ליאור,1004,בית ספר דה שליט רחובות,יא2,כיתה יא׳2,3,3,4,4,5,2,5,4,5
STU0403,פיילוט ג,2024-09-02 09:43:00,ברק,אדר,1004,בית ספר דה שליט רחובות,ט1,כיתה ט׳1,5,4,5,3,5,3,5,5,4
STU0404,פיילוט ג,2025-02-13 10:30:00,ביטון,רחל,1007,תיכון מקיף גבעתיים,יא2,כיתה יא׳2,1,1,1,2,1,4,1,2,1
STU0405,פיילוט ב,2024-09-05 11:36:00,ברק,ליאור,1006,בית ספר נעמן עכו,י2,כיתה י׳2,1,2,2,3,2,4,1,3,2
STU0406,פיילוט ב,2025-01-31 09:55:00,גרוס,אדר,1002,בית ספר ריאלי חיפה,ט2,כיתה ט׳2,4,4,5,5,4,4,5,5,3
STU0407,פיילוט ב,2024-09-29 13:50:00,לוי,רונית,1001,בית ספר אורט נהריה,י1,כיתה י׳1,4,3,5,4,5,2,5,5,3
STU0408,פיילוט ג,2024-11-23 10:49:00,פרץ,הדס,1002,בית ספר ריאלי חיפה,י2,כיתה י׳2,4,5,4,3,5,3,5,5,4
STU0409,פיילוט ג,2025-01-31 09:21:00,זיו,יוסף,1003,תיכון הרצליה תל אביב,ט2,כיתה ט׳2,4,4,5,5,4,2,4,4,5
STU0410,פיילוט ג,2024-11-13 12:34:00,ברק,רחל,1002,בית ספר ריאלי חיפה,יא1,כיתה יא׳1,2,1,3,2,2,2,1,1,1
STU0411,פיילוט א,2024-11-29 16:20:00,דהן,שירה,1002,בית ספר ריאלי חיפה,י1,כיתה י׳1,4,3,4,5,5,4,3,4,5
STU0412,פיילוט א,2024-12-30 08:06:00,שפירא,יוסף,1005,תיכון עירוני ד׳ תל אביב,יא1,כיתה יא׳1,3,4,5,4,5,3,3,4,3
STU0413,פיילוט ב,2024-11-19 13:52:00,פרידמן,יונתן,1002,בית ספר ריאלי חיפה,י2,כיתה י׳2,5,5,5,5,5,4,4,5,4
STU0414,פיילוט ב,2024-12-29 15:14:00,שמש,שירה,1002,בית ספר ריאלי חיפה,יב1,כיתה יב׳1,2,1,4,2,2,4,2,4,3
STU0415,פיילוט ב,2024-09-29 13:30:00,זיו,דוד,1005,תיכון עירוני ד׳ תל אביב,י1,כיתה י׳1,5,5,5,4,5,3,3,4,4
STU0416,פיילוט ב,2025-02-14 09:50:00,גרוס,יונתן,1005,תיכון עירוני ד׳ תל אביב,יב1,כיתה יב׳1,3,1,3,1,1,4,1,2,2
STU0417,פיילוט ג,2024-10-24 17:27:00,אלמוג,גלית,1008,בית ספר עמל פתח תקווה,י2,כיתה י׳2,2,3,2,3,2,4,2,2,2
STU0418,פיילוט ג,2025-01-30 17:29:00,ברק,יונתן,1006,בית ספר נעמן עכו,יא1,כיתה יא׳1,3,5,5,3,5,4,5,5,3
STU0419,פיילוט ב,2025-01-05 08:05:00,פרידמן,שירה,1002,בית ספר ריאלי חיפה,יב1,כיתה יב׳1,4,4,4,5,4,4,5,5,4
STU0420,פיילוט א,2024-10-23 13:19:00,שלום,גיל,1001,בית ספר אורט נהריה,יב1,כיתה יב׳1,1,1,3,2,1,4,2,2,1
STU0421,פיילוט ב,2025-01-19 08:00:00,בן יוסף,ליאור,1007,תיכון מקיף גבעתיים,יא2,כיתה יא׳2,5,3,5,5,5,2,4,4,4
STU0422,פיילוט ב,2024-12-13 14:27:00,בן יוסף,רונית,1002,בית ספר ריאלי חיפה,יב1,כיתה יב׳1,3,4,5,5,5,4,4,5,4
STU0423,פיילוט א,2024-09-03 09:41:00,כהן,שירה,1003,תיכון הרצליה תל אביב,י2,כיתה י׳2,5,4,5,4,4,3,5,4,3
STU0424,פיילוט ב,2024-10-17 15:32:00,אלמוג,יונתן,1008,בית ספר עמל פתח תקווה,יא2,כיתה יא׳2,3,3,5,4,5,4,5,5,5
STU0425,פיילוט ב,2025-01-07 12:26:00,בן יוסף,גלית,1008,בית ספר עמל פתח תקווה,י2,כיתה י׳2,3,4,5,3,5,3,5,4,5
STU0426,פיילוט א,2025-01-13 12:29:00,בן דוד,מיכל,1006,בית ספר נעמן עכו,ט1,כיתה ט׳1,3,3,3,1,4,4,3,2,1
STU0427,פיילוט ב,2025-02-04 08:57:00,ברק,יונתן,1002,בית ספר ריאלי חיפה,ט2,כיתה ט׳2,3,2,3,1,2,4,2,3,1
STU0428,פיילוט ב,2024-09-10 17:47:00,גרוס,גלית,1001,בית ספר אורט נהריה,י2,כיתה י׳2,3,3,4,2,3,4,2,3,1
STU0429,פיילוט ג,2024-11-13 15:05:00,ביטון,הדס,1005,תיכון עירוני ד׳ תל אביב,ט1,כיתה ט׳1,4,1,4,1,4,4,3,4,1
STU0430,פיילוט ב,2024-10-15 17:47:00,ביטון,רחל,1002,בית ספר ריאלי חיפה,יב1,כיתה יב׳1,3,5,5,4,5,2,5,4,5
STU0431,פיילוט א,2025-01-31 10:53:00,נחמיאס,עמית,1006,בית ספר נעמן עכו,יב1,כיתה יב׳1,5,3,5,3,5,2,4,4,3
STU0432,פיילוט ג,2024-11-07 09:03:00,אברהם,רחל,1007,תיכון מקיף גבעתיים,ט2,כיתה ט׳2,4,3,2,1,4,5,2,2,3
STU0433,פיילוט ב,2024-10-08 16:55:00,אלמוג,נועה,1007,תיכון מקיף גבעתיים,י2,כיתה י׳2,4,3,2,2,4,5,2,3,2
STU0434,פיילוט ב,2024-12-20 17:58:00,דהן,אדר,1005,תיכון עירוני ד׳ תל אביב,יב1,כיתה יב׳1,4,2,4,3,2,3,3,4,2
STU0435,פיילוט א,2025-01-29 11:33:00,ברק,דוד,1005,תיכון עירוני ד׳ תל אביב,י1,כיתה י׳1,5,5,5,4,5,4,3,5,5
STU0436,פיילוט א,2024-11-29 11:46:00,גרוס,תמר,1006,בית ספר נעמן עכו,יא1,כיתה יא׳1,1,1,1,2,1,4,1,3,1
STU0437,פיילוט א,2024-10-01 09:54:00,כץ,שירה,1004,בית ספר דה שליט רחובות,ט1,כיתה ט׳1,1,1,3,3,1,4,2,1,2
STU0438,פיילוט ג,2025-02-11 15:59:00,דהן,עמית,1007,תיכון מקיף גבעתיים,יא2,כיתה יא׳2,2,1,4,1,3,4,2,4,1
STU0439,פיילוט א,2024-10-16 15:04:00,נחמיאס,רונית,1006,בית ספר נעמן עכו,י1,כיתה י׳1,1,1,1,2,1,3,1,2,1
STU0440,פיילוט ג,2024-11-06 09:02:00,מזרחי,מיכל,1007,תיכון מקיף גבעתיים,ט2,כיתה ט׳2,2,1,4,2,2,5,3,2,2
STU0441,פיילוט ב,2024-10-09 13:57:00,שפירא,גלית,1005,תיכון עירוני ד׳ תל אביב,יב1,כיתה יב׳1,4,3,5,5,4,2,5,5,4
STU0442,פיילוט ג,2024-12-08 15:07:00,שלום,יונתן,1001,בית ספר אורט נהריה,יא1,כיתה יא׳1,2,1,2,2,2,2,2,1,1
STU0443,פיילוט ג,2024-12-27 12:41:00,פרידמן,דוד,1006,בית ספר נעמן עכו,י1,כיתה י׳1,3,1,4,3,2,4,3,3,1
STU0444,פיילוט ג,2025-02-09 15:47:00,פרידמן,שירה,1001,בית ספר אורט נהריה,י2,כיתה י׳2,4,5,5,3,5,4,4,5,3
STU0445,פיילוט א,2025-01-15 15:01:00,לוי,אדר,1001,בית ספר אורט נהריה,ט2,כיתה ט׳2,3,1,2,2,1,4,2,2,1
STU0446,פיילוט ג,2024-10-09 17:14:00,מזרחי,יוסף,1001,בית ספר אורט נהריה,י1,כיתה י׳1,4,3,4,5,5,4,4,5,5
STU0447,פיילוט ג,2025-02-09 08:57:00,גרוס,אורי,1003,תיכון הרצליה תל אביב,י2,כיתה י׳2,4,5,4,3,5,4,3,4,3
STU0448,פיילוט א,2024-12-19 13:51:00,שפירא,אדר,1008,בית ספר עמל פתח תקווה,יא1,כיתה יא׳1,1,1,1,2,2,4,1,1,1
STU0449,פיילוט ג,2024-11-10 10:48:00,אלמוג,דוד,1002,בית ספר ריאלי חיפה,יא2,כיתה יא׳2,2,2,2,1,4,3,2,2,1
STU0450,פיילוט א,2024-09-05 15:05:00,כהן,נועה,1006,בית ספר נעמן עכו,יא1,כיתה יא׳1,2,3,2,1,2,5,3,3,1
STU0451,פיילוט ג,2025-02-11 12:33:00,זיו,עמית,1003,תיכון הרצליה תל אביב,ט1,כיתה ט׳1,3,1,2,3,1,4,1,1,1
STU0452,פיילוט ג,2024-11-29 14:00:00,בן יוסף,אייל,1004,בית ספר דה שליט רחובות,ט2,כיתה ט׳2,1,2,1,3,1,4,1,3,1
STU0453,פיילוט ג,2024-11-10 08:12:00,פרץ,שירה,1004,בית ספר דה שליט רחובות,ט1,כיתה ט׳1,5,4,5,5,4,3,5,5,3
STU0454,פיילוט א,2024-11-25 17:51:00,זיו,יוסף,1008,בית ספר עמל פתח תקווה,י2,כיתה י׳2,5,3,4,5,5,3,3,5,4
STU0455,פיילוט א,2024-12-23 17:37:00,ברק,עמית,1002,בית ספר ריאלי חיפה,יא2,כיתה יא׳2,2,1,2,2,4,3,1,2,3
STU0456,פיילוט ג,2024-12-06 11:04:00,נחמיאס,גלית,1004,בית ספר דה שליט רחובות,יא2,כיתה יא׳2,2,1,3,1,2,3,3,3,1
STU0457,פיילוט ב,2024-10-20 13:17:00,פרידמן,אדר,1008,בית ספר עמל פתח תקווה,ט1,כיתה ט׳1,3,5,5,3,5,3,3,5,5
STU0458,פיילוט ג,2024-10-27 12:38:00,אברהם,שון,1003,תיכון הרצליה תל אביב,ט1,כיתה ט׳1,2,2,2,1,3,4,2,2,2
STU0459,פיילוט ג,2024-09-04 14:47:00,שמש,אייל,1003,תיכון הרצליה תל אביב,יא1,כיתה יא׳1,3,4,5,4,4,4,4,5,4
STU0460,פיילוט ג,2025-01-08 08:27:00,בן דוד,יעל,1006,בית ספר נעמן עכו,י2,כיתה י׳2,5,3,5,3,5,2,3,5,5
STU0461,פיילוט ג,2024-10-26 10:22:00,גרוס,אייל,1008,בית ספר עמל פתח תקווה,יב1,כיתה יב׳1,4,4,4,3,5,2,5,5,4
STU0462,פיילוט ב,2024-12-28 10:55:00,שפירא,דוד,1002,בית ספר ריאלי חיפה,ט1,כיתה ט׳1,2,1,3,2,2,4,2,1,1
STU0463,פיילוט ב,2024-11-15 14:48:00,דהן,שון,1006,בית ספר נעמן עכו,יא2,כיתה יא׳2,3,1,3,1,1,4,1,3,1
STU0464,פיילוט ג,2024-12-08 13:29:00,כץ,יוסף,1004,בית ספר דה שליט רחובות,יב1,כיתה יב׳1,5,4,5,3,5,4,4,4,3
STU0465,פיילוט א,2025-01-17 09:41:00,נחמיאס,גלית,1006,בית ספר נעמן עכו,י1,כיתה י׳1,3,2,1,3,2,2,1,2,1
STU0466,פיילוט ג,2024-09-17 13:22:00,זיו,ניר,1004,בית ספר דה שליט רחובות,יב1,כיתה יב׳1,1,1,2,2,2,4,1,2,1
STU0467,פיילוט ג,2024-10-19 15:05:00,מזרחי,יעל,1002,בית ספר ריאלי חיפה,י2,כיתה י׳2,4,3,3,2,4,4,3,4,1
STU0468,פיילוט א,2025-02-08 08:18:00,אלמוג,יונתן,1003,תיכון הרצליה תל אביב,י1,כיתה י׳1,3,4,4,5,4,3,3,4,5
STU0469,פיילוט ב,2025-01-12 13:26:00,שלום,אדר,1003,תיכון הרצליה תל אביב,י2,כיתה י׳2,3,3,4,1,3,3,1,2,1
STU0470,פיילוט ג,2024-10-14 12:14:00,נחמיאס,ליאור,1006,בית ספר נעמן עכו,י2,כיתה י׳2,3,2,3,2,1,3,2,1,1
STU0471,פיילוט א,2024-10-17 10:53:00,ביטון,דוד,1005,תיכון עירוני ד׳ תל אביב,יב1,כיתה יב׳1,4,4,5,3,5,2,5,5,4
STU0472,פיילוט א,2024-09-09 13:22:00,ביטון,ליאור,1004,בית ספר דה שליט רחובות,ט1,כיתה ט׳1,4,1,3,2,3,3,1,4,3
STU0473,פיילוט א,2024-09-02 16:32:00,ברק,גיל,1008,בית ספר עמל פתח תקווה,יא1,כיתה יא׳1,3,1,2,2,3,3,2,3,1
STU0474,פיילוט ג,2024-09-11 10:43:00,בן יוסף,אורי,1008,בית ספר עמל פתח תקווה,י1,כיתה י׳1,1,2,3,2,1,4,1,3,1
STU0475,פיילוט ב,2025-01-28 16:14:00,דהן,רונית,1005,תיכון עירוני ד׳ תל אביב,ט1,כיתה ט׳1,1,1,2,1,1,2,2,3,1
STU0476,פיילוט ג,2025-02-02 16:03:00,אלון,יעל,1001,בית ספר אורט נהריה,ט1,כיתה ט׳1,4,3,2,3,3,3,2,3,3
STU0477,פיילוט ב,2024-09-23 11:46:00,זיו,עמית,1003,תיכון הרצליה תל אביב,יא2,כיתה יא׳2,3,2,2,2,3,4,2,3,3
STU0478,פיילוט א,2024-11-17 15:55:00,בן דוד,אדר,1008,בית ספר עמל פתח תקווה,י1,כיתה י׳1,2,2,2,1,2,4,1,1,1
STU0479,פיילוט ב,2025-01-24 10:12:00,אברהם,יעל,1002,בית ספר ריאלי חיפה,יא1,כיתה יא׳1,3,4,5,4,5,2,5,5,5
STU0480,פיילוט ב,2024-09-01 10:16:00,גרוס,ניר,1005,תיכון עירוני ד׳ תל אביב,יא1,כיתה יא׳1,4,5,5,4,5,4,4,4,3
STU0481,פיילוט ג,2025-01-05 09:38:00,אלון,גלית,1002,בית ספר ריאלי חיפה,יא2,כיתה יא׳2,3,1,3,3,4,3,1,2,2
STU0482,פיילוט ב,2024-09-05 12:10:00,שלום,יוסף,1008,בית ספר עמל פתח תקווה,יא1,כיתה יא׳1,5,5,5,5,4,3,5,5,5
STU0483,פיילוט ב,2024-09-13 12:18:00,בן דוד,מיכל,1003,תיכון הרצליה תל אביב,י1,כיתה י׳1,1,1,1,1,1,3,1,3,1
STU0484,פיילוט ג,2025-02-23 13:06:00,בן יוסף,גלית,1004,בית ספר דה שליט רחובות,יב1,כיתה יב׳1,3,5,4,5,5,3,5,5,4
STU0485,פיילוט א,2024-10-26 10:32:00,שמש,רונית,1006,בית ספר נעמן עכו,יב1,כיתה יב׳1,3,5,5,4,5,3,4,4,3
STU0486,פיילוט ב,2024-12-23 17:33:00,ברק,דוד,1002,בית ספר ריאלי חיפה,י2,כיתה י׳2,3,3,4,4,5,3,5,5,3
STU0487,פיילוט ג,2024-10-04 09:27:00,פרץ,מיכל,1005,תיכון עירוני ד׳ תל אביב,ט1,כיתה ט׳1,3,3,5,3,5,2,4,4,3
STU0488,פיילוט ב,2024-12-30 09:58:00,דהן,יוסף,1001,בית ספר אורט נהריה,יב1,כיתה יב׳1,2,1,1,1,1,4,2,3,1
STU0489,פיילוט ג,2024-09-08 09:09:00,דהן,גלית,1002,בית ספר ריאלי חיפה,י1,כיתה י׳1,3,3,5,3,5,2,3,5,4
STU0490,פיילוט א,2025-01-14 11:45:00,פרידמן,גיל,1006,בית ספר נעמן עכו,י1,כיתה י׳1,4,3,2,3,4,3,1,4,1
STU0491,פיילוט ג,2024-10-18 15:43:00,פרץ,דוד,1003,תיכון הרצליה תל אביב,יב1,כיתה יב׳1,5,3,4,5,5,3,4,5,5
STU0492,פיילוט ב,2024-10-05 15:48:00,אלון,גיל,1006,בית ספר נעמן עכו,י2,כיתה י׳2,5,3,5,3,5,2,4,4,5
STU0493,פיילוט ב,2024-10-28 16:26:00,גרוס,עמית,1001,בית ספר אורט נהריה,ט1,כיתה ט׳1,2,2,3,2,4,5,2,4,2
STU0494,פיילוט א,2024-12-22 16:42:00,מזרחי,אורי,1004,בית ספר דה שליט רחובות,יב1,כיתה יב׳1,4,2,2,1,4,4,3,2,2
STU0495,פיילוט ב,2025-01-31 14:07:00,שמש,עמית,1003,תיכון הרצליה תל אביב,י2,כיתה י׳2,3,1,3,1,1,3,1,2,1
STU0496,פיילוט ג,2024-12-13 15:32:00,דהן,שירה,1008,בית ספר עמל פתח תקווה,י1,כיתה י׳1,3,2,2,3,1,3,1,3,2
STU0497,פיילוט א,2024-09-18 15:43:00,כהן,דוד,1008,בית ספר עמל פתח תקווה,ט1,כיתה ט׳1,4,4,4,5,4,2,3,5,3
STU0498,פיילוט ג,2024-12-29 11:18:00,נחמיאס,ניר,1007,תיכון מקיף גבעתיים,יא1,כיתה יא׳1,2,2,4,3,2,3,3,4,2
STU0499,פיילוט ב,2024-12-23 15:02:00,לוי,דוד,1005,תיכון עירוני ד׳ תל אביב,יא1,כיתה יא׳1,4,1,2,2,2,4,2,3,2
STU0500,פיילוט א,2025-01-04 16:43:00,בן יוסף,גלית,1005,תיכון עירוני ד׳ תל אביב,יא2,כיתה יא׳2,3,1,3,3,3,4,1,4,3
STU0501,פיילוט ג,2024-11-30 12:20:00,לוי,נועה,1008,בית ספר עמל פתח תקווה,י2,כיתה י׳2,5,3,5,4,5,4,4,5,5
STU0502,פיילוט ב,2024-12-01 14:22:00,לוי,אייל,1001,בית ספר אורט נהריה,ט2,כיתה ט׳2,4,3,2,3,3,4,1,3,2
STU0503,פיילוט ג,2025-01-16 13:02:00,זיו,עמית,1004,בית ספר דה שליט רחובות,ט2,כיתה ט׳2,4,1,4,1,3,3,2,2,1
STU0504,פיילוט א,2024-09-26 15:06:00,פרידמן,אדר,1007,תיכון מקיף גבעתיים,י1,כיתה י׳1,2,2,1,2,1,4,1,2,2
STU0505,פיילוט ג,2025-01-16 11:18:00,דהן,יוסף,1008,בית ספר עמל פתח תקווה,יא1,כיתה יא׳1,2,3,3,2,3,3,2,4,1
STU0506,פיילוט ב,2024-09-18 17:51:00,בן דוד,ניר,1005,תיכון עירוני ד׳ תל אביב,יא1,כיתה יא׳1,5,5,4,5,5,2,5,5,4
STU0507,פיילוט ב,2024-12-16 14:16:00,כץ,הדס,1007,תיכון מקיף גבעתיים,ט2,כיתה ט׳2,5,4,5,4,5,4,5,5,3
STU0508,פיילוט ג,2024-12-29 12:59:00,בן יוסף,שון,1008,בית ספר עמל פתח תקווה,יא2,כיתה יא׳2,3,5,5,5,4,4,4,4,5
STU0509,פיילוט ג,2025-02-23 12:54:00,אלמוג,עמית,1007,תיכון מקיף גבעתיים,יא1,כיתה יא׳1,1,2,1,2,1,2,1,1,2
STU0510,פיילוט א,2024-10-31 14:15:00,פרץ,שירה,1006,בית ספר נעמן עכו,יב1,כיתה יב׳1,1,1,2,2,2,2,1,3,2
STU0511,פיילוט א,2024-11-09 10:01:00,דהן,תמר,1004,בית ספר דה שליט רחובות,ט1,כיתה ט׳1,3,2,4,2,3,5,1,2,1
STU0512,פיילוט א,2024-12-03 09:25:00,ביטון,אייל,1003,תיכון הרצליה תל אביב,יא2,כיתה יא׳2,2,1,1,1,1,4,1,1,1
STU0513,פיילוט ג,2025-02-01 09:49:00,ברק,אדר,1002,בית ספר ריאלי חיפה,יא1,כיתה יא׳1,2,3,4,3,4,4,2,2,1
STU0514,פיילוט ג,2024-12-14 12:55:00,שלום,יוסף,1007,תיכון מקיף גבעתיים,יב1,כיתה יב׳1,1,1,1,1,1,2,1,2,1
STU0515,פיילוט ב,2024-12-02 15:45:00,אלון,גיל,1008,בית ספר עמל פתח תקווה,יא1,כיתה יא׳1,1,1,3,2,1,4,1,2,1
STU0516,פיילוט ג,2024-11-19 13:57:00,פרץ,יונתן,1001,בית ספר אורט נהריה,יא2,כיתה יא׳2,5,5,4,5,5,2,4,5,4
STU0517,פיילוט ב,2024-12-22 13:56:00,אלמוג,יוסף,1004,בית ספר דה שליט רחובות,יב1,כיתה יב׳1,2,2,3,2,2,3,2,2,1
STU0518,פיילוט א,2025-02-26 12:32:00,מזרחי,ליאור,1005,תיכון עירוני ד׳ תל אביב,יב1,כיתה יב׳1,2,1,3,2,1,4,1,1,1
STU0519,פיילוט ג,2025-02-09 15:50:00,ביטון,נועה,1007,תיכון מקיף גבעתיים,יא1,כיתה יא׳1,4,2,3,3,2,3,3,4,1
STU0520,פיילוט ג,2024-10-04 17:43:00,אלמוג,אדר,1007,תיכון מקיף גבעתיים,ט2,כיתה ט׳2,3,3,2,1,2,3,3,4,3
STU0521,פיילוט ג,2024-12-04 10:25:00,שפירא,גלית,1008,בית ספר עמל פתח תקווה,י2,כיתה י׳2,4,3,5,5,5,3,3,4,4
STU0522,פיילוט א,2024-10-14 08:25:00,כץ,עמית,1004,בית ספר דה שליט רחובות,ט1,כיתה ט׳1,4,3,4,1,2,4,1,3,3
STU0523,פיילוט א,2025-01-05 09:14:00,פרידמן,רונית,1005,תיכון עירוני ד׳ תל אביב,ט2,כיתה ט׳2,2,3,2,1,4,5,2,3,3
STU0524,פיילוט ג,2024-10-19 14:11:00,אלמוג,שירה,1005,תיכון עירוני ד׳ תל אביב,י1,כיתה י׳1,3,1,3,1,4,3,2,4,3
STU0525,פיילוט ב,2024-09-03 15:08:00,ברק,יעל,1001,בית ספר אורט נהריה,י1,כיתה י׳1,5,4,4,4,5,4,5,5,3
STU0526,פיילוט ב,2024-11-25 11:30:00,אלון,שון,1004,בית ספר דה שליט רחובות,יא2,כיתה יא׳2,2,2,3,2,1,2,2,1,1
STU0527,פיילוט ב,2025-01-27 10:16:00,אברהם,הדס,1001,בית ספר אורט נהריה,ט1,כיתה ט׳1,4,2,3,2,4,4,1,4,1
STU0528,פיילוט ב,2024-09-12 10:31:00,דהן,ליאור,1008,בית ספר עמל פתח תקווה,י1,כיתה י׳1,3,4,5,5,5,2,4,4,4
STU0529,פיילוט ב,2025-01-21 15:03:00,פרידמן,שירה,1007,תיכון מקיף גבעתיים,י1,כיתה י׳1,2,2,2,2,1,3,2,2,1
STU0530,פיילוט א,2024-12-23 13:45:00,בן יוסף,ניר,1001,בית ספר אורט נהריה,ט2,כיתה ט׳2,4,4,4,5,5,3,3,5,3
STU0531,פיילוט א,2025-01-09 12:36:00,שלום,רונית,1008,בית ספר עמל פתח תקווה,י2,כיתה י׳2,1,1,2,1,1,3,1,1,2
STU0532,פיילוט ג,2025-02-22 09:25:00,אלון,גלית,1001,בית ספר אורט נהריה,יא1,כיתה יא׳1,4,3,4,4,5,2,4,4,4
STU0533,פיילוט ב,2025-01-31 08:21:00,לוי,שון,1002,בית ספר ריאלי חיפה,יב1,כיתה יב׳1,3,3,5,5,5,3,4,5,4
STU0534,פיילוט ג,2024-09-19 16:38:00,שפירא,מיכל,1008,בית ספר עמל פתח תקווה,י1,כיתה י׳1,3,1,1,1,2,3,1,1,2
STU0535,פיילוט א,2025-02-15 10:07:00,גרוס,ניר,1007,תיכון מקיף גבעתיים,י1,כיתה י׳1,4,3,4,3,4,3,4,5,5
STU0536,פיילוט ב,2024-12-24 14:30:00,דהן,גלית,1007,תיכון מקיף גבעתיים,יא2,כיתה יא׳2,3,1,2,3,1,3,2,1,1
STU0537,פיילוט ב,2024-12-28 11:41:00,ביטון,ניר,1007,תיכון מקיף גבעתיים,ט1,כיתה ט׳1,4,1,3,3,3,3,1,4,2
STU0538,פיילוט ב,2024-12-19 12:36:00,לוי,יונתן,1002,בית ספר ריאלי חיפה,י1,כיתה י׳1,2,2,3,1,2,5,2,2,3
STU0539,פיילוט ג,2024-11-30 12:37:00,מזרחי,הדס,1002,בית ספר ריאלי חיפה,ט1,כיתה ט׳1,5,4,5,3,5,4,5,5,4
STU0540,פיילוט ג,2024-11-20 17:46:00,זיו,רחל,1001,בית ספר אורט נהריה,ט1,כיתה ט׳1,2,1,1,2,1,2,1,3,1
STU0541,פיילוט א,2024-09-05 08:25:00,פרץ,נועה,1005,תיכון עירוני ד׳ תל אביב,י1,כיתה י׳1,3,3,5,5,5,4,3,5,5
STU0542,פיילוט ב,2025-02-05 13:44:00,שפירא,גיל,1003,תיכון הרצליה תל אביב,יא2,כיתה יא׳2,4,2,4,3,4,5,2,3,3
STU0543,פיילוט א,2024-10-08 11:27:00,בן יוסף,רונית,1002,בית ספר ריאלי חיפה,ט2,כיתה ט׳2,3,3,4,5,4,2,3,5,5
STU0544,פיילוט ב,2025-01-03 15:01:00,זיו,גלית,1002,בית ספר ריאלי חיפה,י1,כיתה י׳1,4,4,4,3,4,2,5,5,4
STU0545,פיילוט ב,2025-01-05 17:38:00,בן יוסף,גיל,1004,בית ספר דה שליט רחובות,ט2,כיתה ט׳2,3,1,3,1,2,5,3,3,2
STU0546,פיילוט ב,2025-01-14 08:27:00,שלום,אדר,1001,בית ספר אורט נהריה,י2,כיתה י׳2,4,3,4,3,4,4,1,4,1
STU0547,פיילוט ג,2024-09-06 10:18:00,פרידמן,ניר,1002,בית ספר ריאלי חיפה,י1,כיתה י׳1,3,1,3,3,4,4,2,4,2
STU0548,פיילוט א,2024-11-15 14:26:00,אלון,ניר,1006,בית ספר נעמן עכו,י2,כיתה י׳2,2,3,4,2,4,5,3,3,1
STU0549,פיילוט א,2025-02-03 15:06:00,אלמוג,ניר,1003,תיכון הרצליה תל אביב,יא1,כיתה יא׳1,4,3,2,3,3,3,1,2,1
STU0550,פיילוט א,2024-09-09 09:21:00,אלמוג,אורי,1005,תיכון עירוני ד׳ תל אביב,ט2,כיתה ט׳2,2,1,3,2,3,5,1,2,3
STU0551,פיילוט ג,2025-01-10 17:42:00,פרץ,יוסף,1004,בית ספר דה שליט רחובות,ט1,כיתה ט׳1,4,4,5,4,4,4,4,4,5
STU0552,פיילוט ב,2024-10-13 09:55:00,פרידמן,ליאור,1008,בית ספר עמל פתח תקווה,יב1,כיתה יב׳1,1,1,3,3,1,4,1,3,1
STU0553,פיילוט ב,2024-10-06 09:54:00,פרידמן,רחל,1003,תיכון הרצליה תל אביב,יא2,כיתה יא׳2,2,2,2,3,1,2,2,2,1
STU0554,פיילוט א,2024-12-16 13:40:00,שמש,שירה,1007,תיכון מקיף גבעתיים,יב1,כיתה יב׳1,4,4,5,5,4,2,4,5,5
STU0555,פיילוט א,2024-10-08 08:45:00,בן דוד,מיכל,1007,תיכון מקיף גבעתיים,יב1,כיתה יב׳1,4,4,5,4,5,4,4,4,4
STU0556,פיילוט ב,2024-09-15 16:18:00,אלמוג,יעל,1002,בית ספר ריאלי חיפה,י1,כיתה י׳1,2,2,2,2,2,5,3,2,3
STU0557,פיילוט ג,2025-02-12 11:56:00,בן יוסף,שון,1005,תיכון עירוני ד׳ תל אביב,יא2,כיתה יא׳2,3,1,3,3,4,3,3,3,2
STU0558,פיילוט ב,2024-10-03 16:34:00,גרוס,רונית,1008,בית ספר עמל פתח תקווה,יא2,כיתה יא׳2,2,1,2,1,1,4,1,2,2
STU0559,פיילוט ג,2024-11-01 12:46:00,אלמוג,הדס,1002,בית ספר ריאלי חיפה,יא1,כיתה יא׳1,4,2,4,1,2,3,3,4,2
STU0560,פיילוט א,2024-11-16 17:47:00,כהן,רחל,1002,בית ספר ריאלי חיפה,יא2,כיתה יא׳2,3,3,4,2,2,3,3,2,2
STU0561,פיילוט ג,2024-11-12 17:43:00,ביטון,יעל,1006,בית ספר נעמן עכו,ט2,כיתה ט׳2,4,3,4,3,4,5,1,3,2
STU0562,פיילוט ב,2024-09-21 09:03:00,אלמוג,שירה,1004,בית ספר דה שליט רחובות,ט1,כיתה ט׳1,4,1,3,2,2,3,3,3,2
STU0563,פיילוט ב,2025-01-28 15:40:00,אלמוג,רחל,1008,בית ספר עמל פתח תקווה,ט2,כיתה ט׳2,4,5,5,4,5,4,5,5,4
STU0564,פיילוט ב,2025-01-14 09:44:00,פרידמן,רחל,1008,בית ספר עמל פתח תקווה,יא2,כיתה יא׳2,3,5,4,4,5,3,3,5,5
STU0565,פיילוט ג,2024-11-14 08:33:00,ביטון,אורי,1008,בית ספר עמל פתח תקווה,ט1,כיתה ט׳1,5,4,4,5,5,2,3,5,5
STU0566,פיילוט ב,2024-11-12 11:11:00,נחמיאס,נועה,1006,בית ספר נעמן עכו,י1,כיתה י׳1,3,2,2,1,2,5,2,2,2
STU0567,פיילוט ב,2024-12-31 17:08:00,ביטון,הדס,1002,בית ספר ריאלי חיפה,יא1,כיתה יא׳1,3,4,5,5,5,4,4,5,4
STU0568,פיילוט ב,2024-12-09 11:57:00,שפירא,אדר,1008,בית ספר עמל פתח תקווה,יב1,כיתה יב׳1,2,1,3,2,1,4,2,3,1
STU0569,פיילוט ב,2024-11-19 16:41:00,פרץ,יונתן,1001,בית ספר אורט נהריה,יא2,כיתה יא׳2,2,2,1,1,2,2,2,3,2
STU0570,פיילוט ג,2025-02-16 16:11:00,כהן,תמר,1002,בית ספר ריאלי חיפה,ט2,כיתה ט׳2,4,1,4,3,2,4,3,2,1
STU0571,פיילוט ג,2024-09-06 13:27:00,אברהם,עמית,1004,בית ספר דה שליט רחובות,ט2,כיתה ט׳2,3,1,4,3,3,4,3,2,2
STU0572,פיילוט ג,2024-10-17 12:49:00,מזרחי,שירה,1001,בית ספר אורט נהריה,יב1,כיתה יב׳1,3,2,2,1,2,5,1,3,1
STU0573,פיילוט ג,2024-09-26 13:09:00,אלמוג,אדר,1005,תיכון עירוני ד׳ תל אביב,י2,כיתה י׳2,3,5,5,3,4,4,3,5,4
STU0574,פיילוט א,2024-09-30 12:03:00,ברק,רחל,1005,תיכון עירוני ד׳ תל אביב,י2,כיתה י׳2,3,3,5,5,4,3,5,5,4
STU0575,פיילוט ב,2024-11-03 16:41:00,ביטון,גיל,1007,תיכון מקיף גבעתיים,ט1,כיתה ט׳1,4,5,4,3,5,4,5,5,3
STU0576,פיילוט א,2025-01-21 15:02:00,כהן,רחל,1007,תיכון מקיף גבעתיים,י2,כיתה י׳2,3,1,1,2,2,2,1,3,1
STU0577,פיילוט א,2024-10-25 17:53:00,בן דוד,גיל,1005,תיכון עירוני ד׳ תל אביב,יא2,כיתה יא׳2,3,4,5,5,5,4,4,5,5
STU0578,פיילוט ג,2025-01-21 12:56:00,אלמוג,רונית,1001,בית ספר אורט נהריה,ט2,כיתה ט׳2,4,1,3,1,3,5,1,2,3
STU0579,פיילוט ב,2024-12-27 17:21:00,כהן,שירה,1006,בית ספר נעמן עכו,יא2,כיתה יא׳2,2,2,2,2,1,4,1,2,1
STU0580,פיילוט ב,2025-01-16 09:50:00,מזרחי,יונתן,1001,בית ספר אורט נהריה,יא1,כיתה יא׳1,3,5,4,4,5,4,5,5,4
STU0581,פיילוט ג,2024-09-03 09:29:00,אלון,רונית,1001,בית ספר אורט נהריה,יב1,כיתה יב׳1,4,1,3,2,4,4,2,2,3
STU0582,פיילוט א,2024-11-17 11:14:00,נחמיאס,ליאור,1008,בית ספר עמל פתח תקווה,ט1,כיתה ט׳1,1,1,3,3,1,2,1,3,2
STU0583,פיילוט ב,2025-01-24 16:31:00,אברהם,יונתן,1001,בית ספר אורט נהריה,י1,כיתה י׳1,3,2,1,1,1,4,1,1,1
STU0584,פיילוט ג,2024-09-17 10:16:00,שלום,אייל,1004,בית ספר דה שליט רחובות,יא2,כיתה יא׳2,4,3,4,3,2,3,3,2,3
STU0585,פיילוט ג,2024-12-19 08:54:00,ברק,עמית,1005,תיכון עירוני ד׳ תל אביב,ט2,כיתה ט׳2,5,5,5,5,5,4,5,5,3
STU0586,פיילוט א,2024-11-11 14:34:00,זיו,אדר,1007,תיכון מקיף גבעתיים,י1,כיתה י׳1,3,1,2,2,2,2,2,1,1
STU0587,פיילוט א,2024-10-21 10:21:00,גרוס,מיכל,1001,בית ספר אורט נהריה,י2,כיתה י׳2,2,3,2,3,2,5,2,2,1
STU0588,פיילוט ב,2024-11-27 08:52:00,ברק,הדס,1002,בית ספר ריאלי חיפה,ט1,כיתה ט׳1,2,3,4,2,3,3,1,3,1
STU0589,פיילוט ג,2024-12-06 13:56:00,מזרחי,שירה,1004,בית ספר דה שליט רחובות,ט1,כיתה ט׳1,2,1,3,2,2,2,1,1,1
STU0590,פיילוט ב,2024-09-14 12:54:00,שפירא,יעל,1001,בית ספר אורט נהריה,יב1,כיתה יב׳1,4,5,5,4,4,2,5,4,5
STU0591,פיילוט ב,2025-02-06 09:21:00,כהן,רחל,1002,בית ספר ריאלי חיפה,יא1,כיתה יא׳1,5,5,5,3,5,3,4,5,5
STU0592,פיילוט א,2025-02-11 16:16:00,אלון,עמית,1006,בית ספר נעמן עכו,יא1,כיתה יא׳1,3,3,5,5,4,4,3,5,3
STU0593,פיילוט ג,2025-01-10 13:19:00,שלום,יונתן,1008,בית ספר עמל פתח תקווה,יא2,כיתה יא׳2,2,1,2,1,2,3,2,4,2
STU0594,פיילוט ב,2024-10-08 08:15:00,בן דוד,יונתן,1003,תיכון הרצליה תל אביב,ט2,כיתה ט׳2,4,2,3,2,2,5,3,4,3
STU0595,פיילוט ב,2025-02-25 15:38:00,ברק,גלית,1001,בית ספר אורט נהריה,י2,כיתה י׳2,3,5,4,3,5,2,5,5,5
STU0596,פיילוט ב,2024-10-28 11:29:00,כץ,רונית,1006,בית ספר נעמן עכו,יא1,כיתה יא׳1,3,1,2,2,2,4,1,2,3
STU0597,פיילוט ג,2024-09-19 13:01:00,בן יוסף,אורי,1004,בית ספר דה שליט רחובות,י2,כיתה י׳2,2,2,2,1,1,2,1,2,1
STU0598,פיילוט ב,2024-10-27 12:46:00,אברהם,אדר,1003,תיכון הרצליה תל אביב,י1,כיתה י׳1,5,5,5,3,4,2,3,5,3
STU0599,פיילוט א,2024-11-26 11:19:00,זיו,אייל,1004,בית ספר דה שליט רחובות,ט2,כיתה ט׳2,3,4,4,3,5,2,4,5,3
STU0600,פיילוט ב,2024-10-19 11:34:00,שפירא,ליאור,1006,בית ספר נעמן עכו,יב1,כיתה יב׳1,1,2,3,2,2,2,1,1,1
STU0601,פיילוט ב,2024-11-03 08:40:00,דהן,שירה,1006,בית ספר נעמן עכו,יא1,כיתה יא׳1,1,1,3,3,1,4,1,1,1
STU0602,פיילוט ג,2024-12-05 15:33:00,זיו,דוד,1008,בית ספר עמל פתח תקווה,ט2,כיתה ט׳2,4,5,5,3,4,4,4,5,5
STU0603,פיילוט ב,2025-01-28 08:13:00,שמש,רונית,1006,בית ספר נעמן עכו,יא2,כיתה יא׳2,4,2,4,2,3,4,3,3,3
STU0604,פיילוט א,2024-09-22 10:48:00,מזרחי,גיל,1008,בית ספר עמל פתח תקווה,יב1,כיתה יב׳1,2,2,3,2,4,3,2,3,3
STU0605,פיילוט ב,2024-12-20 14:23:00,נחמיאס,אדר,1008,בית ספר עמל פתח תקווה,יא1,כיתה יא׳1,5,3,5,5,5,3,4,5,4
STU0606,פיילוט א,2025-01-10 16:41:00,מזרחי,תמר,1005,תיכון עירוני ד׳ תל אביב,י2,כיתה י׳2,4,3,5,5,4,3,3,5,5
STU0607,פיילוט א,2024-11-17 12:12:00,כץ,שירה,1004,בית ספר דה שליט רחובות,ט1,כיתה ט׳1,4,3,5,3,5,2,5,5,4
STU0608,פיילוט ב,2024-10-09 14:14:00,שמש,רונית,1005,תיכון עירוני ד׳ תל אביב,ט1,כיתה ט׳1,3,2,3,3,4,3,2,4,3
STU0609,פיילוט ג,2025-02-26 14:13:00,זיו,רחל,1008,בית ספר עמל פתח תקווה,ט2,כיתה ט׳2,3,1,3,2,1,2,1,1,1
STU0610,פיילוט א,2024-12-17 14:43:00,שפירא,יונתן,1001,בית ספר אורט נהריה,י1,כיתה י׳1,2,2,4,1,3,5,2,3,1
STU0611,פיילוט ג,2025-01-25 14:24:00,פרידמן,יעל,1005,תיכון עירוני ד׳ תל אביב,י1,כיתה י׳1,5,3,4,3,5,4,5,5,5
STU0612,פיילוט ב,2024-09-27 16:11:00,לוי,שון,1002,בית ספר ריאלי חיפה,יא1,כיתה יא׳1,4,3,5,5,5,4,4,4,3
STU0613,פיילוט א,2024-12-26 08:23:00,בן דוד,נועה,1008,בית ספר עמל פתח תקווה,ט1,כיתה ט׳1,3,4,5,3,4,3,5,5,3
STU0614,פיילוט ב,2024-10-23 10:55:00,פרידמן,גיל,1003,תיכון הרצליה תל אביב,י1,כיתה י׳1,2,1,2,3,3,4,3,2,2
STU0615,פיילוט ג,2025-02-23 15:17:00,פרידמן,נועה,1007,תיכון מקיף גבעתיים,יב1,כיתה יב׳1,2,1,3,3,1,4,1,3,2
STU0616,פיילוט א,2024-09-11 09:18:00,זיו,ליאור,1003,תיכון הרצליה תל אביב,י2,כיתה י׳2,4,1,4,2,4,4,2,3,3
STU0617,פיילוט ג,2024-10-17 17:06:00,שפירא,יוסף,1005,תיכון עירוני ד׳ תל אביב,י2,כיתה י׳2,4,3,4,5,5,3,4,5,5
STU0618,פיילוט א,2025-01-05 14:48:00,בן יוסף,אורי,1004,בית ספר דה שליט רחובות,יב1,כיתה יב׳1,4,3,3,3,2,5,3,4,1
STU0619,פיילוט א,2024-09-07 09:40:00,זיו,יעל,1006,בית ספר נעמן עכו,ט1,כיתה ט׳1,3,2,3,1,3,3,3,2,2
STU0620,פיילוט ב,2024-12-28 15:29:00,מזרחי,מיכל,1006,בית ספר נעמן עכו,יא2,כיתה יא׳2,4,3,4,4,4,4,3,5,5
STU0621,פיילוט ב,2024-10-02 16:47:00,שפירא,דוד,1004,בית ספר דה שליט רחובות,יא2,כיתה יא׳2,4,4,4,3,4,4,3,4,4
STU0622,פיילוט א,2025-01-15 11:28:00,לוי,הדס,1002,בית ספר ריאלי חיפה,יא2,כיתה יא׳2,2,1,2,2,1,2,2,1,2
STU0623,פיילוט ג,2024-11-01 11:05:00,כהן,עמית,1002,בית ספר ריאלי חיפה,י2,כיתה י׳2,3,1,4,1,2,4,1,2,2
STU0624,פיילוט ב,2024-09-12 14:32:00,פרץ,אדר,1001,בית ספר אורט נהריה,ט1,כיתה ט׳1,5,5,4,3,4,4,3,5,3
STU0625,פיילוט ג,2024-12-01 13:11:00,כהן,יעל,1006,בית ספר נעמן עכו,יא1,כיתה יא׳1,5,3,5,4,5,2,3,4,3
STU0626,פיילוט ב,2024-09-18 11:26:00,גרוס,שון,1006,בית ספר נעמן עכו,ט1,כיתה ט׳1,4,3,4,5,5,4,5,5,3
STU0627,פיילוט ג,2025-02-21 10:21:00,אברהם,אדר,1008,בית ספר עמל פתח תקווה,ט1,כיתה ט׳1,4,1,3,1,4,4,3,4,2
STU0628,פיילוט ב,2025-01-29 08:14:00,כהן,שון,1008,בית ספר עמל פתח תקווה,ט1,כיתה ט׳1,5,5,5,4,5,4,5,4,5
STU0629,פיילוט א,2024-10-22 10:24:00,פרידמן,יוסף,1002,בית ספר ריאלי חיפה,י1,כיתה י׳1,2,1,3,1,1,2,1,2,1
STU0630,פיילוט ג,2025-02-13 12:48:00,כהן,אייל,1004,בית ספר דה שליט רחובות,יא2,כיתה יא׳2,4,2,2,2,3,5,1,4,2
STU0631,פיילוט א,2024-12-07 16:20:00,אברהם,רחל,1006,בית ספר נעמן עכו,י1,כיתה י׳1,5,3,5,3,5,4,5,4,5
STU0632,פיילוט ב,2025-01-19 11:15:00,בן דוד,מיכל,1001,בית ספר אורט נהריה,ט1,כיתה ט׳1,3,3,5,3,4,2,3,4,5
STU0633,פיילוט ב,2024-11-13 17:28:00,פרידמן,תמר,1007,תיכון מקיף גבעתיים,יא2,כיתה יא׳2,2,3,2,1,3,3,3,2,2
STU0634,פיילוט ב,2024-10-10 15:01:00,שפירא,עמית,1008,בית ספר עמל פתח תקווה,ט1,כיתה ט׳1,3,1,3,2,3,5,3,4,2
STU0635,פיילוט ב,2024-12-26 12:24:00,בן יוסף,שון,1002,בית ספר ריאלי חיפה,יב1,כיתה יב׳1,3,1,3,3,1,3,1,2,1
STU0636,פיילוט ב,2024-12-05 15:25:00,אלמוג,יעל,1008,בית ספר עמל פתח תקווה,ט1,כיתה ט׳1,5,4,4,3,4,2,3,5,5
STU0637,פיילוט ב,2024-10-20 14:16:00,אלון,הדס,1006,בית ספר נעמן עכו,י2,כיתה י׳2,4,3,2,2,2,3,2,4,1
STU0638,פיילוט ג,2024-09-09 13:40:00,כהן,שירה,1008,בית ספר עמל פתח תקווה,יא2,כיתה יא׳2,4,1,4,2,3,5,1,2,2
STU0639,פיילוט ב,2024-09-24 14:25:00,שלום,מיכל,1005,תיכון עירוני ד׳ תל אביב,יא1,כיתה יא׳1,1,1,1,3,2,4,1,1,1
STU0640,פיילוט א,2024-12-15 09:06:00,שלום,ליאור,1004,בית ספר דה שליט רחובות,י2,כיתה י׳2,3,3,3,3,4,5,2,4,2
STU0641,פיילוט ג,2024-09-18 14:33:00,אלמוג,גיל,1003,תיכון הרצליה תל אביב,י1,כיתה י׳1,5,4,5,4,4,2,4,4,3
STU0642,פיילוט א,2025-01-24 11:11:00,פרידמן,יוסף,1007,תיכון מקיף גבעתיים,ט2,כיתה ט׳2,2,3,2,1,3,3,3,2,2
STU0643,פיילוט א,2024-09-22 14:07:00,דהן,מיכל,1003,תיכון הרצליה תל אביב,יב1,כיתה יב׳1,4,4,5,5,4,4,3,4,4
STU0644,פיילוט ג,2025-01-28 08:06:00,פרידמן,הדס,1006,בית ספר נעמן עכו,ט1,כיתה ט׳1,4,4,5,3,4,2,4,4,5
STU0645,פיילוט ג,2024-11-27 13:52:00,שמש,ליאור,1001,בית ספר אורט נהריה,י2,כיתה י׳2,3,2,3,2,4,4,2,3,3
STU0646,פיילוט ג,2024-09-07 17:07:00,בן דוד,תמר,1007,תיכון מקיף גבעתיים,י2,כיתה י׳2,4,4,4,3,5,4,4,5,3
STU0647,פיילוט ב,2024-11-22 08:40:00,אלון,יוסף,1004,בית ספר דה שליט רחובות,י1,כיתה י׳1,3,2,2,3,1,4,1,1,2
STU0648,פיילוט ב,2025-02-16 09:46:00,שפירא,גיל,1006,בית ספר נעמן עכו,יא2,כיתה יא׳2,5,4,5,5,5,2,4,5,4
STU0649,פיילוט א,2025-01-19 15:10:00,זיו,אורי,1004,בית ספר דה שליט רחובות,יא2,כיתה יא׳2,4,3,4,1,2,4,1,3,3
STU0650,פיילוט ג,2024-09-08 10:59:00,ברק,יעל,1008,בית ספר עמל פתח תקווה,יא2,כיתה יא׳2,3,3,4,5,5,2,3,5,5
STU0651,פיילוט ג,2025-01-04 09:50:00,ברק,אייל,1005,תיכון עירוני ד׳ תל אביב,ט2,כיתה ט׳2,5,4,5,3,5,2,5,5,5
STU0652,פיילוט ב,2024-10-30 11:16:00,פרץ,גיל,1002,בית ספר ריאלי חיפה,יא2,כיתה יא׳2,4,3,4,3,3,5,3,4,2
STU0653,פיילוט א,2024-12-07 17:47:00,כהן,גיל,1002,בית ספר ריאלי חיפה,ט1,כיתה ט׳1,4,3,2,3,2,5,2,2,2
STU0654,פיילוט ג,2025-01-30 11:06:00,שפירא,נועה,1001,בית ספר אורט נהריה,יא1,כיתה יא׳1,4,4,5,4,5,2,5,5,5
STU0655,פיילוט א,2025-02-18 08:38:00,ברק,גיל,1008,בית ספר עמל פתח תקווה,י1,כיתה י׳1,2,2,4,2,2,5,2,2,3
STU0656,פיילוט ג,2024-10-10 11:54:00,שמש,יוסף,1002,בית ספר ריאלי חיפה,י1,כיתה י׳1,3,3,2,2,3,5,2,2,2
STU0657,פיילוט ב,2025-02-21 15:22:00,שפירא,יעל,1003,תיכון הרצליה תל אביב,יב1,כיתה יב׳1,2,1,3,1,1,4,1,2,1
STU0658,פיילוט ג,2025-01-27 08:54:00,גרוס,רחל,1002,בית ספר ריאלי חיפה,יא1,כיתה יא׳1,3,3,2,3,4,4,1,2,2
STU0659,פיילוט א,2025-02-14 08:23:00,שלום,אורי,1003,תיכון הרצליה תל אביב,יא1,כיתה יא׳1,4,2,3,1,2,3,3,2,3
STU0660,פיילוט ב,2025-02-14 13:37:00,אלמוג,שירה,1003,תיכון הרצליה תל אביב,י2,כיתה י׳2,1,1,1,2,1,2,1,1,2
STU0661,פיילוט א,2024-12-06 09:49:00,זיו,יעל,1007,תיכון מקיף גבעתיים,ט2,כיתה ט׳2,3,4,5,4,5,4,3,5,5
STU0662,פיילוט ג,2025-01-09 11:01:00,שלום,גלית,1005,תיכון עירוני ד׳ תל אביב,יא2,כיתה יא׳2,3,1,2,1,2,3,2,4,3
STU0663,פיילוט ג,2025-01-25 10:06:00,ברק,מיכל,1008,בית ספר עמל פתח תקווה,י1,כיתה י׳1,1,2,1,2,1,4,2,2,1
STU0664,פיילוט ג,2025-02-14 09:48:00,פרידמן,אורי,1003,תיכון הרצליה תל אביב,י2,כיתה י׳2,4,5,5,5,5,2,5,5,5
STU0665,פיילוט ג,2024-10-23 10:05:00,בן יוסף,תמר,1003,תיכון הרצליה תל אביב,יב1,כיתה יב׳1,1,1,3,2,1,2,1,1,2
STU0666,פיילוט א,2024-09-12 16:57:00,גרוס,יונתן,1001,בית ספר אורט נהריה,ט1,כיתה ט׳1,3,2,4,1,3,5,1,2,2
STU0667,פיילוט ג,2024-09-26 08:15:00,לוי,רונית,1008,בית ספר עמל פתח תקווה,ט2,כיתה ט׳2,4,2,4,2,4,5,3,2,3
STU0668,פיילוט א,2024-12-18 09:35:00,דהן,תמר,1003,תיכון הרצליה תל אביב,י1,כיתה י׳1,5,5,4,5,5,3,3,5,5
STU0669,פיילוט א,2024-09-19 12:40:00,פרידמן,ליאור,1007,תיכון מקיף גבעתיים,יא2,כיתה יא׳2,3,1,3,3,3,5,1,4,1
STU0670,פיילוט א,2024-09-29 16:26:00,מזרחי,אדר,1003,תיכון הרצליה תל אביב,י2,כיתה י׳2,3,2,2,3,2,3,2,2,3
STU0671,פיילוט ב,2024-09-27 09:11:00,בן דוד,גיל,1002,בית ספר ריאלי חיפה,י1,כיתה י׳1,2,1,1,2,1,2,1,1,1
STU0672,פיילוט ג,2024-11-21 14:11:00,אלון,יונתן,1008,בית ספר עמל פתח תקווה,ט1,כיתה ט׳1,4,3,3,3,3,5,1,2,1
STU0673,פיילוט ג,2024-12-06 17:47:00,דהן,יוסף,1007,תיכון מקיף גבעתיים,י2,כיתה י׳2,4,3,5,5,5,2,5,4,3
STU0674,פיילוט א,2024-11-13 12:27:00,בן דוד,אייל,1006,בית ספר נעמן עכו,יא2,כיתה יא׳2,3,1,3,2,1,3,1,2,2
STU0675,פיילוט א,2024-10-13 17:03:00,מזרחי,גיל,1005,תיכון עירוני ד׳ תל אביב,יא2,כיתה יא׳2,3,2,2,3,2,3,3,2,1
STU0676,פיילוט א,2025-01-15 09:25:00,כהן,שון,1008,בית ספר עמל פתח תקווה,יב1,כיתה יב׳1,4,3,4,1,3,4,3,4,3
STU0677,פיילוט ג,2025-01-14 17:02:00,כץ,רחל,1004,בית ספר דה שליט רחובות,יב1,כיתה יב׳1,5,4,5,5,5,3,3,5,5
STU0678,פיילוט ג,2024-12-07 10:23:00,פרץ,אדר,1003,תיכון הרצליה תל אביב,יא2,כיתה יא׳2,3,3,5,3,5,3,3,5,4
STU0679,פיילוט ג,2025-02-09 17:25:00,פרידמן,גיל,1004,בית ספר דה שליט רחובות,יב1,כיתה יב׳1,1,1,2,2,1,3,1,1,2
STU0680,פיילוט ג,2024-09-02 13:56:00,אברהם,יעל,1001,בית ספר אורט נהריה,י2,כיתה י׳2,2,2,2,3,3,4,2,3,1
STU0681,פיילוט א,2024-09-02 10:49:00,דהן,אייל,1006,בית ספר נעמן עכו,ט1,כיתה ט׳1,3,1,2,3,4,3,2,2,2
STU0682,פיילוט ב,2024-10-12 10:22:00,אלמוג,נועה,1008,בית ספר עמל פתח תקווה,י2,כיתה י׳2,3,2,2,3,3,3,2,4,2
STU0683,פיילוט ג,2024-09-09 10:42:00,פרידמן,ניר,1006,בית ספר נעמן עכו,יב1,כיתה יב׳1,3,3,5,3,4,3,4,5,4
STU0684,פיילוט ב,2024-12-09 10:07:00,פרץ,נועה,1005,תיכון עירוני ד׳ תל אביב,ט1,כיתה ט׳1,4,2,4,3,2,4,2,4,3
STU0685,פיילוט ב,2024-09-03 14:30:00,גרוס,גיל,1003,תיכון הרצליה תל אביב,ט2,כיתה ט׳2,2,3,2,1,4,4,2,4,3
STU0686,פיילוט ב,2025-02-27 11:42:00,אלמוג,רונית,1008,בית ספר עמל פתח תקווה,ט1,כיתה ט׳1,5,3,5,5,4,2,4,4,4
STU0687,פיילוט א,2024-10-29 09:08:00,שפירא,יוסף,1008,בית ספר עמל פתח תקווה,יא2,כיתה יא׳2,3,2,3,1,1,4,2,3,1
STU0688,פיילוט א,2025-02-27 11:14:00,ברק,עמית,1005,תיכון עירוני ד׳ תל אביב,ט2,כיתה ט׳2,2,3,2,1,2,4,2,4,2
STU0689,פיילוט ג,2024-12-17 11:20:00,לוי,דוד,1008,בית ספר עמל פתח תקווה,ט1,כיתה ט׳1,4,1,3,1,3,4,2,3,3
STU0690,פיילוט א,2024-10-18 12:31:00,אלון,אדר,1001,בית ספר אורט נהריה,ט1,כיתה ט׳1,3,1,1,2,1,3,2,1,1
STU0691,פיילוט א,2025-01-29 16:38:00,אלון,אייל,1005,תיכון עירוני ד׳ תל אביב,ט1,כיתה ט׳1,1,2,3,1,1,3,2,2,2
STU0692,פיילוט ג,2025-02-15 11:12:00,זיו,אורי,1005,תיכון עירוני ד׳ תל אביב,ט2,כיתה ט׳2,2,1,2,3,4,5,1,2,3
STU0693,פיילוט ג,2024-10-20 14:35:00,דהן,יונתן,1002,בית ספר ריאלי חיפה,יא1,כיתה יא׳1,3,3,3,1,4,5,1,2,1
STU0694,פיילוט ב,2024-10-13 17:17:00,ביטון,גיל,1006,בית ספר נעמן עכו,י1,כיתה י׳1,3,1,2,1,1,3,2,3,1
STU0695,פיילוט א,2024-12-22 16:24:00,בן יוסף,יעל,1001,בית ספר אורט נהריה,יא1,כיתה יא׳1,1,2,2,2,2,4,2,1,1
STU0696,פיילוט ב,2024-12-26 16:45:00,בן דוד,תמר,1007,תיכון מקיף גבעתיים,יא1,כיתה יא׳1,3,3,4,5,4,4,5,4,5
STU0697,פיילוט א,2024-11-14 08:40:00,ביטון,תמר,1005,תיכון עירוני ד׳ תל אביב,יב1,כיתה יב׳1,4,2,4,1,2,3,1,4,1
STU0698,פיילוט א,2024-12-04 13:05:00,בן יוסף,תמר,1003,תיכון הרצליה תל אביב,י1,כיתה י׳1,1,1,3,1,1,4,1,3,2
STU0699,פיילוט ג,2024-11-05 08:34:00,שלום,אורי,1003,תיכון הרצליה תל אביב,י2,כיתה י׳2,3,1,4,1,3,3,3,3,1
STU0700,פיילוט ב,2025-01-27 14:09:00,זיו,אייל,1007,תיכון מקיף גבעתיים,יא2,כיתה יא׳2,3,2,3,1,1,2,1,2,1
STU0701,פיילוט א,2024-10-17 12:01:00,גרוס,דוד,1007,תיכון מקיף גבעתיים,י1,כיתה י׳1,2,2,2,2,2,3,1,4,2
STU0702,פיילוט ב,2024-12-13 09:46:00,בן דוד,שירה,1003,תיכון הרצליה תל אביב,יב1,כיתה יב׳1,3,1,1,1,1,3,1,2,2
STU0703,פיילוט א,2024-11-08 10:40:00,כץ,נועה,1001,בית ספר אורט נהריה,יא1,כיתה יא׳1,3,1,2,1,4,3,1,2,1
STU0704,פיילוט א,2024-10-12 12:21:00,נחמיאס,שירה,1001,בית ספר אורט נהריה,יב1,כיתה יב׳1,4,2,4,1,2,3,2,4,2
STU0705,פיילוט ג,2024-09-27 16:56:00,אלמוג,שירה,1004,בית ספר דה שליט רחובות,ט1,כיתה ט׳1,2,2,3,1,1,2,1,3,1
STU0706,פיילוט א,2025-02-23 09:31:00,אברהם,אורי,1001,בית ספר אורט נהריה,ט2,כיתה ט׳2,4,4,4,4,5,3,3,5,4
STU0707,פיילוט ב,2024-10-16 14:33:00,ברק,שון,1004,בית ספר דה שליט רחובות,ט1,כיתה ט׳1,2,3,3,1,3,3,1,4,1
STU0708,פיילוט ב,2025-02-17 13:59:00,דהן,מיכל,1003,תיכון הרצליה תל אביב,יא2,כיתה יא׳2,5,5,5,5,5,3,3,5,4
STU0709,פיילוט א,2024-09-29 17:27:00,דהן,שירה,1001,בית ספר אורט נהריה,יב1,כיתה יב׳1,3,1,2,1,1,3,2,2,1
STU0710,פיילוט א,2025-02-10 13:08:00,שמש,יעל,1002,בית ספר ריאלי חיפה,י1,כיתה י׳1,4,4,5,4,5,3,5,5,5
STU0711,פיילוט ב,2024-12-17 16:36:00,שמש,מיכל,1007,תיכון מקיף גבעתיים,יא1,כיתה יא׳1,4,2,4,3,2,4,1,4,3
STU0712,פיילוט א,2024-10-06 12:29:00,ביטון,יונתן,1004,בית ספר דה שליט רחובות,י1,כיתה י׳1,3,4,5,4,4,2,3,5,4
STU0713,פיילוט א,2024-09-07 14:23:00,לוי,אורי,1007,תיכון מקיף גבעתיים,ט2,כיתה ט׳2,3,5,4,3,5,4,3,5,5
STU0714,פיילוט ג,2024-12-16 10:48:00,אברהם,ניר,1002,בית ספר ריאלי חיפה,י2,כיתה י׳2,3,3,5,3,4,2,3,4,5
STU0715,פיילוט ג,2024-11-13 09:09:00,לוי,יוסף,1003,תיכון הרצליה תל אביב,יא2,כיתה יא׳2,2,1,2,3,1,3,2,3,1
STU0716,פיילוט א,2024-11-18 11:27:00,אברהם,תמר,1003,תיכון הרצליה תל אביב,יא1,כיתה יא׳1,4,4,5,4,5,4,4,5,5
STU0717,פיילוט ב,2025-01-22 17:53:00,מזרחי,רחל,1002,בית ספר ריאלי חיפה,יא1,כיתה יא׳1,5,3,5,5,4,2,4,4,5
STU0718,פיילוט ג,2024-09-28 09:04:00,אלון,שון,1008,בית ספר עמל פתח תקווה,י1,כיתה י׳1,2,1,1,1,1,4,1,1,1
STU0719,פיילוט א,2025-01-20 11:40:00,לוי,אייל,1006,בית ספר נעמן עכו,ט1,כיתה ט׳1,2,3,2,1,2,5,1,3,1
STU0720,פיילוט ג,2024-12-01 12:25:00,בן דוד,רונית,1005,תיכון עירוני ד׳ תל אביב,ט1,כיתה ט׳1,2,3,3,1,2,4,1,3,1
STU0721,פיילוט ב,2024-09-26 16:51:00,ביטון,נועה,1006,בית ספר נעמן עכו,יב1,כיתה יב׳1,2,1,3,3,1,3,1,3,2
STU0722,פיילוט ג,2024-10-30 11:51:00,ביטון,דוד,1007,תיכון מקיף גבעתיים,י2,כיתה י׳2,4,3,4,5,5,2,5,4,5
STU0723,פיילוט א,2024-10-24 17:38:00,מזרחי,שירה,1006,בית ספר נעמן עכו,י2,כיתה י׳2,3,2,4,2,2,5,3,3,1
STU0724,פיילוט א,2024-10-12 09:17:00,שלום,ליאור,1008,בית ספר עמל פתח תקווה,ט1,כיתה ט׳1,4,5,4,4,4,3,4,4,4
STU0725,פיילוט א,2025-01-24 15:02:00,אלון,גיל,1006,בית ספר נעמן עכו,ט1,כיתה ט׳1,5,4,5,4,5,3,5,4,3
STU0726,פיילוט ג,2024-12-15 16:28:00,דהן,יוסף,1007,תיכון מקיף גבעתיים,י2,כיתה י׳2,1,1,2,3,2,3,1,1,2
STU0727,פיילוט א,2024-09-19 11:24:00,זיו,מיכל,1001,בית ספר אורט נהריה,יא2,כיתה יא׳2,3,1,1,1,1,3,1,3,1
STU0728,פיילוט ב,2024-10-22 14:21:00,מזרחי,אדר,1006,בית ספר נעמן עכו,י2,כיתה י׳2,3,1,1,1,1,4,1,2,1
STU0729,פיילוט ב,2024-12-30 10:40:00,פרידמן,אדר,1006,בית ספר נעמן עכו,יא1,כיתה יא׳1,5,5,5,3,5,3,3,5,3
STU0730,פיילוט ב,2024-11-09 12:40:00,אברהם,מיכל,1001,בית ספר אורט נהריה,יא1,כיתה יא׳1,4,4,5,3,4,2,3,5,4
STU0731,פיילוט ב,2024-10-18 08:05:00,אלמוג,אדר,1003,תיכון הרצליה תל אביב,ט1,כיתה ט׳1,2,2,4,2,3,5,1,4,2
STU0732,פיילוט א,2025-02-25 17:24:00,כהן,יונתן,1005,תיכון עירוני ד׳ תל אביב,ט2,כיתה ט׳2,3,2,3,3,4,3,3,3,2
STU0733,פיילוט ג,2024-11-21 08:09:00,זיו,שירה,1004,בית ספר דה שליט רחובות,ט1,כיתה ט׳1,3,2,1,2,2,4,2,3,2
STU0734,פיילוט ב,2024-12-25 17:06:00,לוי,רונית,1008,בית ספר עמל פתח תקווה,יב1,כיתה יב׳1,5,4,5,5,5,2,4,4,5
STU0735,פיילוט ג,2024-09-04 13:52:00,אלון,נועה,1004,בית ספר דה שליט רחובות,י2,כיתה י׳2,2,3,3,1,3,3,1,4,3
STU0736,פיילוט ג,2024-12-19 16:48:00,ברק,אורי,1005,תיכון עירוני ד׳ תל אביב,י1,כיתה י׳1,5,4,5,4,5,3,4,5,5
STU0737,פיילוט ב,2025-02-24 14:40:00,גרוס,שון,1003,תיכון הרצליה תל אביב,י2,כיתה י׳2,2,3,4,1,4,4,2,3,3
STU0738,פיילוט א,2024-09-26 15:32:00,שלום,יוסף,1002,בית ספר ריאלי חיפה,ט1,כיתה ט׳1,5,3,5,4,4,3,5,5,5
STU0739,פיילוט ב,2024-12-28 14:58:00,שפירא,נועה,1005,תיכון עירוני ד׳ תל אביב,יב1,כיתה יב׳1,3,4,5,4,4,2,4,4,4
STU0740,פיילוט א,2024-12-16 08:00:00,כהן,שירה,1006,בית ספר נעמן עכו,יב1,כיתה יב׳1,3,2,4,2,3,4,3,2,1
STU0741,פיילוט ג,2024-10-20 17:41:00,שפירא,יוסף,1006,בית ספר נעמן עכו,יב1,כיתה יב׳1,3,1,2,1,2,3,1,3,1
STU0742,פיילוט ג,2024-10-03 16:07:00,שלום,יעל,1007,תיכון מקיף גבעתיים,ט2,כיתה ט׳2,4,1,3,2,4,3,2,2,1
STU0743,פיילוט ג,2024-10-10 08:39:00,בן יוסף,מיכל,1005,תיכון עירוני ד׳ תל אביב,יב1,כיתה יב׳1,4,3,4,3,4,3,3,5,5
STU0744,פיילוט ג,2024-11-16 11:34:00,שמש,יעל,1007,תיכון מקיף גבעתיים,ט1,כיתה ט׳1,1,1,3,3,1,2,1,3,1
STU0745,פיילוט א,2025-01-31 09:06:00,ביטון,גיל,1005,תיכון עירוני ד׳ תל אביב,יא2,כיתה יא׳2,2,1,4,1,4,5,1,2,2
STU0746,פיילוט א,2025-01-03 09:13:00,אלמוג,יעל,1005,תיכון עירוני ד׳ תל אביב,ט2,כיתה ט׳2,4,4,4,4,4,3,3,5,3
STU0747,פיילוט ב,2024-10-01 13:22:00,נחמיאס,שון,1006,בית ספר נעמן עכו,יא2,כיתה יא׳2,3,4,4,3,5,4,5,5,3
STU0748,פיילוט ג,2024-10-10 11:55:00,אלון,אורי,1001,בית ספר אורט נהריה,ט2,כיתה ט׳2,2,1,1,3,1,4,1,3,2
STU0749,פיילוט ב,2024-09-24 13:45:00,בן יוסף,גיל,1004,בית ספר דה שליט רחובות,ט1,כיתה ט׳1,3,3,5,5,4,3,4,5,3
STU0750,פיילוט ב,2024-12-10 09:37:00,שלום,גיל,1008,בית ספר עמל פתח תקווה,יא2,כיתה יא׳2,4,2,2,2,2,3,3,4,2
STU0751,פיילוט א,2024-09-28 17:24:00,אלמוג,רונית,1003,תיכון הרצליה תל אביב,יב1,כיתה יב׳1,2,1,2,2,2,4,1,2,2
STU0752,פיילוט ג,2025-02-13 16:22:00,שפירא,נועה,1006,בית ספר נעמן עכו,י1,כיתה י׳1,4,3,4,5,5,4,4,5,5
STU0753,פיילוט ב,2024-11-20 09:00:00,ברק,נועה,1002,בית ספר ריאלי חיפה,ט2,כיתה ט׳2,2,2,2,1,2,5,2,3,1
STU0754,פיילוט ב,2024-10-26 09:35:00,דהן,שון,1006,בית ספר נעמן עכו,ט2,כיתה ט׳2,3,1,4,1,3,4,3,2,3
STU0755,פיילוט ג,2024-09-12 12:26:00,פרץ,אורי,1002,בית ספר ריאלי חיפה,יא1,כיתה יא׳1,4,2,3,2,2,3,1,3,2
STU0756,פיילוט ג,2024-09-02 15:18:00,ביטון,יעל,1008,בית ספר עמל פתח תקווה,ט2,כיתה ט׳2,4,2,2,3,2,4,1,4,3
STU0757,פיילוט ג,2024-11-10 13:48:00,אלון,יעל,1001,בית ספר אורט נהריה,יא1,כיתה יא׳1,4,5,4,3,5,2,4,5,4
STU0758,פיילוט ב,2024-12-05 17:06:00,כהן,אייל,1002,בית ספר ריאלי חיפה,יא1,כיתה יא׳1,4,1,3,2,4,4,2,4,1
STU0759,פיילוט א,2024-12-04 16:00:00,לוי,תמר,1001,בית ספר אורט נהריה,יב1,כיתה יב׳1,3,4,5,5,5,2,3,4,3
STU0760,פיילוט א,2024-10-06 17:29:00,פרץ,שירה,1001,בית ספר אורט נהריה,ט1,כיתה ט׳1,2,2,3,3,4,4,2,4,1
STU0761,פיילוט א,2025-01-26 15:42:00,נחמיאס,תמר,1006,בית ספר נעמן עכו,יב1,כיתה יב׳1,3,1,3,2,2,2,2,3,1
STU0762,פיילוט ג,2025-02-16 11:44:00,מזרחי,מיכל,1006,בית ספר נעמן עכו,יב1,כיתה יב׳1,2,1,3,2,4,3,2,4,1
STU0763,פיילוט א,2025-01-30 16:32:00,ברק,גיל,1008,בית ספר עמל פתח תקווה,ט1,כיתה ט׳1,5,3,5,4,4,3,3,5,3
STU0764,פיילוט א,2024-12-12 11:04:00,דהן,עמית,1008,בית ספר עמל פתח תקווה,יא2,כיתה יא׳2,2,1,2,2,3,4,3,4,1
STU0765,פיילוט ב,2024-12-27 10:17:00,כהן,ניר,1003,תיכון הרצליה תל אביב,יא2,כיתה יא׳2,4,1,2,2,2,5,1,2,1
STU0766,פיילוט ב,2025-01-09 13:03:00,זיו,תמר,1008,בית ספר עמל פתח תקווה,י1,כיתה י׳1,5,3,5,4,4,2,4,5,4
STU0767,פיילוט א,2024-11-10 16:38:00,נחמיאס,הדס,1006,בית ספר נעמן עכו,ט1,כיתה ט׳1,2,2,2,1,1,2,1,1,2
STU0768,פיילוט ג,2024-11-01 09:34:00,פרץ,תמר,1007,תיכון מקיף גבעתיים,ט1,כיתה ט׳1,5,3,4,3,4,2,3,5,4
STU0769,פיילוט ג,2024-10-23 10:50:00,פרידמן,ליאור,1004,בית ספר דה שליט רחובות,יא1,כיתה יא׳1,2,1,2,1,1,4,2,2,1
STU0770,פיילוט ג,2024-11-18 11:10:00,ברק,מיכל,1005,תיכון עירוני ד׳ תל אביב,יא2,כיתה יא׳2,4,1,2,1,4,5,3,3,3
STU0771,פיילוט ב,2024-09-20 10:43:00,כהן,שון,1003,תיכון הרצליה תל אביב,ט2,כיתה ט׳2,2,1,4,2,3,4,1,2,2
STU0772,פיילוט ג,2024-10-29 16:32:00,אברהם,שירה,1006,בית ספר נעמן עכו,י2,כיתה י׳2,4,3,5,3,4,2,5,5,4
STU0773,פיילוט ב,2024-11-04 13:29:00,כהן,ליאור,1002,בית ספר ריאלי חיפה,ט1,כיתה ט׳1,2,1,2,3,1,4,1,3,1
STU0774,פיילוט ב,2024-09-06 10:26:00,שמש,שירה,1005,תיכון עירוני ד׳ תל אביב,יא2,כיתה יא׳2,4,3,3,1,3,5,3,4,3
STU0775,פיילוט א,2024-12-06 09:17:00,בן יוסף,רחל,1006,בית ספר נעמן עכו,י2,כיתה י׳2,5,5,5,4,5,2,5,4,3
STU0776,פיילוט ג,2025-01-12 13:53:00,כץ,אורי,1003,תיכון הרצליה תל אביב,י1,כיתה י׳1,3,2,4,2,3,4,1,2,3
STU0777,פיילוט ב,2024-10-09 16:18:00,כץ,יונתן,1007,תיכון מקיף גבעתיים,יב1,כיתה יב׳1,3,2,2,1,3,5,1,3,3
STU0778,פיילוט ב,2024-09-14 15:19:00,כהן,עמית,1003,תיכון הרצליה תל אביב,י1,כיתה י׳1,2,2,2,2,2,3,2,4,1
STU0779,פיילוט א,2024-11-09 10:46:00,פרידמן,עמית,1006,בית ספר נעמן עכו,יא2,כיתה יא׳2,4,3,5,4,5,4,5,4,3
STU0780,פיילוט א,2024-11-06 12:38:00,גרוס,דוד,1002,בית ספר ריאלי חיפה,י1,כיתה י׳1,4,4,4,5,5,3,4,5,3
STU0781,פיילוט ב,2024-11-18 09:19:00,שלום,רחל,1007,תיכון מקיף גבעתיים,יא2,כיתה יא׳2,2,3,2,2,2,4,3,2,2
STU0782,פיילוט ב,2024-12-29 13:27:00,זיו,עמית,1003,תיכון הרצליה תל אביב,י2,כיתה י׳2,3,5,5,5,5,4,5,5,4
STU0783,פיילוט א,2024-12-05 10:39:00,בן יוסף,גלית,1007,תיכון מקיף גבעתיים,י2,כיתה י׳2,2,2,2,1,4,4,1,4,3
STU0784,פיילוט ב,2024-11-09 09:21:00,כץ,אורי,1005,תיכון עירוני ד׳ תל אביב,ט1,כיתה ט׳1,4,5,4,4,5,3,3,4,3
STU0785,פיילוט ב,2024-09-14 11:33:00,ביטון,יונתן,1005,תיכון עירוני ד׳ תל אביב,יא1,כיתה יא׳1,2,1,1,3,2,4,2,3,2
STU0786,פיילוט א,2025-02-24 11:07:00,מזרחי,נועה,1008,בית ספר עמל פתח תקווה,ט2,כיתה ט׳2,3,1,2,3,1,4,1,2,2
STU0787,פיילוט א,2024-09-15 09:19:00,שפירא,ניר,1003,תיכון הרצליה תל אביב,יא1,כיתה יא׳1,2,1,2,1,3,3,3,3,2
STU0788,פיילוט א,2025-02-10 08:11:00,ביטון,אייל,1003,תיכון הרצליה תל אביב,יב1,כיתה יב׳1,3,3,4,2,4,5,1,3,1
STU0789,פיילוט ג,2025-01-05 13:42:00,דהן,יעל,1003,תיכון הרצליה תל אביב,יא1,כיתה יא׳1,3,1,2,2,1,3,2,1,2
STU0790,פיילוט א,2024-09-03 17:19:00,לוי,שון,1007,תיכון מקיף גבעתיים,יא2,כיתה יא׳2,3,2,2,1,3,4,1,4,2
STU0791,פיילוט ב,2024-10-24 13:57:00,בן דוד,יעל,1008,בית ספר עמל פתח תקווה,ט1,כיתה ט׳1,4,5,5,4,4,2,4,5,5
STU0792,פיילוט ג,2025-02-16 12:59:00,שפירא,מיכל,1002,בית ספר ריאלי חיפה,ט2,כיתה ט׳2,4,5,5,5,5,3,5,4,4
STU0793,פיילוט ב,2025-02-26 13:37:00,שלום,ליאור,1008,בית ספר עמל פתח תקווה,י2,כיתה י׳2,3,1,3,3,2,4,2,2,1
STU0794,פיילוט א,2024-11-22 11:49:00,שמש,אורי,1007,תיכון מקיף גבעתיים,ט1,כיתה ט׳1,5,3,4,3,5,2,4,5,4
STU0795,פיילוט ב,2024-12-23 13:38:00,כהן,דוד,1003,תיכון הרצליה תל אביב,יא2,כיתה יא׳2,2,1,1,3,1,2,1,3,1
STU0796,פיילוט ג,2024-12-22 12:14:00,פרידמן,דוד,1006,בית ספר נעמן עכו,ט1,כיתה ט׳1,3,1,4,3,4,3,1,3,2
STU0797,פיילוט ג,2024-09-02 13:49:00,אלמוג,גלית,1007,תיכון מקיף גבעתיים,יב1,כיתה יב׳1,3,5,4,5,5,2,3,4,3
STU0798,פיילוט א,2025-01-07 13:22:00,כץ,יונתן,1002,בית ספר ריאלי חיפה,י1,כיתה י׳1,3,2,3,3,1,2,1,3,1
STU0799,פיילוט א,2024-09-26 09:31:00,שמש,יוסף,1003,תיכון הרצליה תל אביב,יב1,כיתה יב׳1,3,3,3,1,4,3,1,4,2
STU0800,פיילוט א,2025-01-26 11:54:00,בן דוד,שון,1006,בית ספר נעמן עכו,ט1,כיתה ט׳1,3,2,4,2,2,3,2,2,3
STU0801,פיילוט ג,2024-11-26 14:16:00,פרידמן,אדר,1005,תיכון עירוני ד׳ תל אביב,י2,כיתה י׳2,5,5,4,5,5,3,5,4,3
STU0802,פיילוט א,2025-02-27 08:22:00,מזרחי,עמית,1001,בית ספר אורט נהריה,ט2,כיתה ט׳2,4,2,4,1,2,4,1,4,3
STU0803,פיילוט ב,2024-11-29 14:30:00,גרוס,אייל,1002,בית ספר ריאלי חיפה,יא1,כיתה יא׳1,4,5,4,3,4,3,5,4,5
STU0804,פיילוט א,2025-01-02 08:24:00,שפירא,שירה,1001,בית ספר אורט נהריה,ט1,כיתה ט׳1,1,2,3,2,2,4,2,1,2
STU0805,פיילוט ב,2024-12-21 08:15:00,שמש,מיכל,1007,תיכון מקיף גבעתיים,יא2,כיתה יא׳2,2,1,3,1,4,4,2,2,2
STU0806,פיילוט ב,2024-10-03 15:11:00,גרוס,יוסף,1001,בית ספר אורט נהריה,ט2,כיתה ט׳2,3,2,1,1,2,2,1,1,1
STU0807,פיילוט ג,2024-09-20 09:16:00,בן יוסף,רונית,1006,בית ספר נעמן עכו,י1,כיתה י׳1,1,1,1,3,1,3,2,1,2
STU0808,פיילוט ג,2025-01-13 12:20:00,בן יוסף,הדס,1008,בית ספר עמל פתח תקווה,יא2,כיתה יא׳2,2,2,4,2,3,5,2,4,1
STU0809,פיילוט ב,2024-11-18 16:13:00,פרץ,ליאור,1002,בית ספר ריאלי חיפה,ט1,כיתה ט׳1,4,3,3,2,2,3,1,4,1
STU0810,פיילוט א,2025-01-29 14:19:00,מזרחי,יוסף,1003,תיכון הרצליה תל אביב,ט1,כיתה ט׳1,2,2,2,1,1,3,1,2,1
STU0811,פיילוט ג,2024-10-18 14:34:00,לוי,גיל,1005,תיכון עירוני ד׳ תל אביב,יב1,כיתה יב׳1,3,1,3,2,3,3,1,2,2
STU0812,פיילוט ב,2024-12-21 14:50:00,לוי,אורי,1001,בית ספר אורט נהריה,יא1,כיתה יא׳1,5,4,5,5,4,2,4,5,5
STU0813,פיילוט ג,2024-12-07 15:47:00,שמש,שירה,1007,תיכון מקיף גבעתיים,יא2,כיתה יא׳2,4,2,3,3,4,5,3,3,1
STU0814,פיילוט ג,2024-11-10 13:17:00,דהן,שון,1001,בית ספר אורט נהריה,י1,כיתה י׳1,2,1,4,2,3,5,2,2,3
STU0815,פיילוט ב,2024-12-29 08:22:00,נחמיאס,יונתן,1001,בית ספר אורט נהריה,ט1,כיתה ט׳1,4,2,3,1,3,4,1,3,1
STU0816,פיילוט א,2024-11-10 12:55:00,נחמיאס,שירה,1004,בית ספר דה שליט רחובות,י2,כיתה י׳2,2,2,4,3,3,3,2,2,2
STU0817,פיילוט א,2025-01-08 15:37:00,ברק,יוסף,1004,בית ספר דה שליט רחובות,יא2,כיתה יא׳2,5,5,4,3,4,4,3,4,5
STU0818,פיילוט ג,2024-11-29 09:04:00,בן דוד,רחל,1004,בית ספר דה שליט רחובות,ט1,כיתה ט׳1,4,3,5,4,5,4,3,5,3
STU0819,פיילוט א,2024-11-12 10:01:00,ברק,שון,1002,בית ספר ריאלי חיפה,יא1,כיתה יא׳1,3,4,5,4,5,3,3,5,4
STU0820,פיילוט ב,2024-10-09 17:01:00,פרץ,שון,1006,בית ספר נעמן עכו,י1,כיתה י׳1,2,1,2,3,1,2,1,1,1
STU0821,פיילוט ב,2024-09-09 10:24:00,מזרחי,מיכל,1004,בית ספר דה שליט רחובות,יב1,כיתה יב׳1,4,3,4,3,4,4,1,3,3
STU0822,פיילוט ג,2025-02-03 15:42:00,בן דוד,הדס,1004,בית ספר דה שליט רחובות,יא1,כיתה יא׳1,4,3,4,2,4,5,1,4,1
STU0823,פיילוט ב,2024-09-30 11:28:00,אלמוג,ליאור,1008,בית ספר עמל פתח תקווה,י1,כיתה י׳1,5,4,4,4,4,3,3,5,4
STU0824,פיילוט ג,2025-01-24 10:59:00,בן יוסף,אייל,1002,בית ספר ריאלי חיפה,י1,כיתה י׳1,2,2,4,2,4,3,2,3,1
STU0825,פיילוט ג,2024-12-17 16:09:00,שלום,ניר,1007,תיכון מקיף גבעתיים,יא2,כיתה יא׳2,1,2,2,2,1,3,1,1,1
STU0826,פיילוט ב,2024-10-03 08:53:00,אלמוג,נועה,1004,בית ספר דה שליט רחובות,ט2,כיתה ט׳2,3,3,5,4,5,4,4,5,3
STU0827,פיילוט א,2024-11-15 09:21:00,ברק,גלית,1003,תיכון הרצליה תל אביב,ט1,כיתה ט׳1,4,2,3,2,2,4,3,4,1
STU0828,פיילוט א,2025-01-01 10:46:00,אברהם,גלית,1002,בית ספר ריאלי חיפה,יא2,כיתה יא׳2,5,4,5,4,5,3,5,5,4
STU0829,פיילוט א,2025-01-09 17:17:00,פרץ,אייל,1002,בית ספר ריאלי חיפה,ט2,כיתה ט׳2,3,1,3,3,1,3,1,2,1
STU0830,פיילוט ב,2024-11-21 10:09:00,לוי,רונית,1005,תיכון עירוני ד׳ תל אביב,י2,כיתה י׳2,5,5,5,5,5,3,4,5,4
STU0831,פיילוט ב,2025-01-03 15:14:00,אברהם,גיל,1007,תיכון מקיף גבעתיים,יא1,כיתה יא׳1,4,2,2,2,3,3,1,3,2
STU0832,פיילוט א,2025-02-01 08:57:00,בן יוסף,יונתן,1005,תיכון עירוני ד׳ תל אביב,יא1,כיתה יא׳1,5,4,4,3,4,4,5,4,3
STU0833,פיילוט ב,2024-12-26 12:58:00,פרץ,אורי,1004,בית ספר דה שליט רחובות,ט1,כיתה ט׳1,4,3,5,5,5,4,4,5,3
STU0834,פיילוט ב,2024-10-27 09:20:00,אברהם,הדס,1008,בית ספר עמל פתח תקווה,י2,כיתה י׳2,3,3,5,5,5,2,4,4,5
STU0835,פיילוט ב,2024-09-26 16:20:00,פרידמן,יונתן,1006,בית ספר נעמן עכו,י1,כיתה י׳1,3,2,3,1,2,4,1,1,1
STU0836,פיילוט ג,2024-10-09 15:52:00,אברהם,ניר,1001,בית ספר אורט נהריה,יא2,כיתה יא׳2,3,3,5,4,4,4,3,5,4
STU0837,פיילוט א,2025-01-21 17:13:00,אברהם,יוסף,1005,תיכון עירוני ד׳ תל אביב,ט2,כיתה ט׳2,1,2,3,3,1,2,1,1,1
STU0838,פיילוט ב,2024-10-17 12:53:00,שמש,גיל,1007,תיכון מקיף גבעתיים,יא2,כיתה יא׳2,2,2,3,1,2,3,1,3,2
STU0839,פיילוט ג,2024-12-17 15:20:00,שמש,עמית,1008,בית ספר עמל פתח תקווה,י2,כיתה י׳2,4,2,4,2,3,3,1,2,2
STU0840,פיילוט ב,2025-02-01 14:43:00,שמש,נועה,1002,בית ספר ריאלי חיפה,ט2,כיתה ט׳2,4,1,3,3,3,5,1,3,2
STU0841,פיילוט ג,2024-12-23 14:25:00,דהן,יוסף,1005,תיכון עירוני ד׳ תל אביב,י1,כיתה י׳1,4,3,5,4,5,4,4,5,4
STU0842,פיילוט ג,2025-01-16 11:49:00,פרץ,שון,1005,תיכון עירוני ד׳ תל אביב,י2,כיתה י׳2,4,5,4,4,5,3,3,5,3
STU0843,פיילוט ג,2024-09-17 08:33:00,פרידמן,ליאור,1006,בית ספר נעמן עכו,ט2,כיתה ט׳2,2,3,2,2,2,5,2,3,3
STU0844,פיילוט ג,2024-11-03 08:02:00,כהן,הדס,1004,בית ספר דה שליט רחובות,ט2,כיתה ט׳2,4,1,3,1,3,4,2,2,3
STU0845,פיילוט ב,2024-09-09 12:47:00,פרץ,יעל,1002,בית ספר ריאלי חיפה,יא1,כיתה יא׳1,2,1,3,2,2,3,3,4,1
STU0846,פיילוט ג,2024-09-04 16:38:00,ביטון,אורי,1007,תיכון מקיף גבעתיים,ט2,כיתה ט׳2,3,3,4,5,5,4,5,5,3
STU0847,פיילוט ג,2024-09-26 12:41:00,שלום,ניר,1007,תיכון מקיף גבעתיים,ט2,כיתה ט׳2,3,2,4,3,2,4,2,3,1
STU0848,פיילוט ב,2024-11-02 14:01:00,נחמיאס,יעל,1007,תיכון מקיף גבעתיים,י1,כיתה י׳1,3,4,5,4,5,3,5,5,5
STU0849,פיילוט ג,2025-01-01 17:06:00,גרוס,אדר,1006,בית ספר נעמן עכו,יב1,כיתה יב׳1,1,1,1,3,1,3,1,2,1
STU0850,פיילוט ג,2024-12-13 17:53:00,נחמיאס,הדס,1003,תיכון הרצליה תל אביב,יב1,כיתה יב׳1,3,5,4,3,5,4,3,4,3
STU0851,פיילוט ב,2025-02-01 14:55:00,כהן,תמר,1004,בית ספר דה שליט רחובות,ט1,כיתה ט׳1,4,4,5,4,4,2,4,5,5
STU0852,פיילוט ג,2025-01-10 16:54:00,מזרחי,אורי,1004,בית ספר דה שליט רחובות,יב1,כיתה יב׳1,4,2,3,3,2,4,2,4,2
STU0853,פיילוט א,2024-09-30 08:56:00,אלמוג,ניר,1007,תיכון מקיף גבעתיים,יא2,כיתה יא׳2,2,1,2,3,4,3,1,2,2
STU0854,פיילוט ג,2024-11-15 12:33:00,ברק,שון,1003,תיכון הרצליה תל אביב,יא2,כיתה יא׳2,2,3,4,2,3,3,2,2,2
STU0855,פיילוט ג,2025-02-02 12:30:00,זיו,רונית,1006,בית ספר נעמן עכו,יא1,כיתה יא׳1,3,4,5,5,4,4,5,5,5
STU0856,פיילוט ג,2024-12-30 09:00:00,גרוס,רונית,1006,בית ספר נעמן עכו,יא2,כיתה יא׳2,3,5,5,4,4,3,4,4,3
STU0857,פיילוט א,2024-11-29 16:56:00,שמש,ליאור,1004,בית ספר דה שליט רחובות,יא2,כיתה יא׳2,3,2,2,1,4,4,3,2,1
STU0858,פיילוט ב,2025-01-17 11:04:00,שלום,שירה,1001,בית ספר אורט נהריה,ט2,כיתה ט׳2,3,3,4,2,3,5,2,3,3
STU0859,פיילוט א,2024-11-24 17:49:00,שלום,שון,1002,בית ספר ריאלי חיפה,יא2,כיתה יא׳2,2,2,4,1,2,5,3,4,2
STU0860,פיילוט ג,2024-10-08 10:10:00,נחמיאס,נועה,1005,תיכון עירוני ד׳ תל אביב,יב1,כיתה יב׳1,3,1,1,1,1,2,1,1,2
STU0861,פיילוט א,2024-11-01 16:25:00,שפירא,יעל,1006,בית ספר נעמן עכו,ט1,כיתה ט׳1,5,4,5,5,5,3,4,5,3
STU0862,פיילוט ב,2024-10-07 14:35:00,זיו,ניר,1008,בית ספר עמל פתח תקווה,י1,כיתה י׳1,3,3,2,3,2,3,3,3,3
STU0863,פיילוט א,2024-12-18 11:39:00,בן יוסף,רונית,1005,תיכון עירוני ד׳ תל אביב,יא2,כיתה יא׳2,3,3,3,1,2,4,2,4,2
STU0864,פיילוט א,2024-11-24 09:58:00,אלון,תמר,1007,תיכון מקיף גבעתיים,י1,כיתה י׳1,1,1,2,2,2,2,1,3,1
STU0865,פיילוט ב,2024-11-10 08:36:00,כהן,ניר,1001,בית ספר אורט נהריה,יא1,כיתה יא׳1,5,4,5,4,5,2,5,5,4
STU0866,פיילוט א,2024-10-10 10:55:00,ביטון,מיכל,1008,בית ספר עמל פתח תקווה,י2,כיתה י׳2,4,3,4,1,2,4,1,4,3
STU0867,פיילוט א,2025-02-15 17:47:00,כהן,אדר,1007,תיכון מקיף גבעתיים,יב1,כיתה יב׳1,4,5,5,3,5,2,5,5,3
STU0868,פיילוט א,2024-09-16 09:12:00,בן דוד,שירה,1006,בית ספר נעמן עכו,יא2,כיתה יא׳2,3,1,3,1,2,3,1,3,2
STU0869,פיילוט א,2024-09-01 12:17:00,בן יוסף,ליאור,1005,תיכון עירוני ד׳ תל אביב,ט1,כיתה ט׳1,2,2,4,1,4,5,2,2,3
STU0870,פיילוט ב,2024-09-23 10:20:00,שלום,נועה,1002,בית ספר ריאלי חיפה,י1,כיתה י׳1,4,1,4,2,2,3,1,2,3
STU0871,פיילוט א,2024-10-19 10:19:00,לוי,יעל,1003,תיכון הרצליה תל אביב,יב1,כיתה יב׳1,5,4,5,3,5,2,4,5,5
STU0872,פיילוט ב,2024-11-06 15:16:00,מזרחי,ניר,1005,תיכון עירוני ד׳ תל אביב,ט2,כיתה ט׳2,5,4,5,3,4,3,3,4,4
STU0873,פיילוט ב,2024-10-10 16:36:00,פרידמן,עמית,1006,בית ספר נעמן עכו,יא1,כיתה יא׳1,4,3,3,3,4,3,1,4,2
STU0874,פיילוט ג,2024-10-24 12:13:00,זיו,תמר,1006,בית ספר נעמן עכו,יא2,כיתה יא׳2,2,2,4,3,4,5,2,2,3
STU0875,פיילוט ג,2024-12-06 17:57:00,לוי,אדר,1001,בית ספר אורט נהריה,ט1,כיתה ט׳1,3,1,2,1,1,4,1,2,2
STU0876,פיילוט ב,2024-11-18 10:29:00,בן יוסף,דוד,1002,בית ספר ריאלי חיפה,יא2,כיתה יא׳2,3,4,5,4,5,4,3,4,4
STU0877,פיילוט ג,2024-12-05 17:21:00,נחמיאס,יעל,1001,בית ספר אורט נהריה,י2,כיתה י׳2,4,3,4,2,4,4,2,2,2
STU0878,פיילוט א,2024-10-12 16:10:00,גרוס,שון,1005,תיכון עירוני ד׳ תל אביב,ט1,כיתה ט׳1,3,1,2,2,1,4,1,3,1
STU0879,פיילוט א,2024-10-13 15:00:00,ביטון,רונית,1004,בית ספר דה שליט רחובות,יא1,כיתה יא׳1,5,4,4,3,5,2,4,5,4
STU0880,פיילוט ב,2025-01-21 13:00:00,נחמיאס,דוד,1003,תיכון הרצליה תל אביב,י1,כיתה י׳1,3,3,4,4,4,4,3,4,5
STU0881,פיילוט ב,2024-11-02 09:24:00,ביטון,אדר,1006,בית ספר נעמן עכו,ט1,כיתה ט׳1,4,2,4,1,3,5,2,3,3
STU0882,פיילוט ב,2025-02-19 17:01:00,שמש,שון,1003,תיכון הרצליה תל אביב,י2,כיתה י׳2,4,3,3,3,3,5,1,3,2
STU0883,פיילוט א,2024-10-29 10:31:00,פרידמן,יוסף,1003,תיכון הרצליה תל אביב,יב1,כיתה יב׳1,3,2,4,1,4,5,2,2,3
STU0884,פיילוט ב,2025-02-20 15:02:00,דהן,עמית,1004,בית ספר דה שליט רחובות,י1,כיתה י׳1,4,4,5,3,5,2,4,5,4
STU0885,פיילוט ב,2024-12-13 08:10:00,ברק,שירה,1003,תיכון הרצליה תל אביב,ט2,כיתה ט׳2,3,1,2,1,1,4,2,1,2
STU0886,פיילוט ב,2025-02-10 09:38:00,זיו,הדס,1007,תיכון מקיף גבעתיים,יא2,כיתה יא׳2,4,5,5,4,5,2,4,5,4
STU0887,פיילוט ב,2024-09-21 10:00:00,ברק,גלית,1006,בית ספר נעמן עכו,יב1,כיתה יב׳1,2,2,2,1,1,3,2,2,2
STU0888,פיילוט ג,2024-12-27 13:03:00,כץ,ליאור,1005,תיכון עירוני ד׳ תל אביב,ט2,כיתה ט׳2,3,1,2,1,1,3,1,1,1
STU0889,פיילוט ב,2024-12-24 13:19:00,לוי,שון,1005,תיכון עירוני ד׳ תל אביב,י2,כיתה י׳2,2,1,3,2,1,3,1,2,1
STU0890,פיילוט ג,2024-10-08 15:27:00,דהן,ליאור,1002,בית ספר ריאלי חיפה,י1,כיתה י׳1,5,5,5,3,4,2,5,4,3
STU0891,פיילוט ג,2024-10-08 17:46:00,פרץ,יעל,1008,בית ספר עמל פתח תקווה,יא2,כיתה יא׳2,5,5,5,4,4,2,4,5,3
STU0892,פיילוט ג,2024-09-21 14:07:00,פרידמן,גלית,1002,בית ספר ריאלי חיפה,י1,כיתה י׳1,2,1,2,1,1,4,1,3,2
STU0893,פיילוט ג,2024-11-10 10:17:00,בן דוד,יוסף,1005,תיכון עירוני ד׳ תל אביב,י1,כיתה י׳1,4,1,4,1,3,5,2,2,2
STU0894,פיילוט ג,2024-11-08 15:38:00,ברק,אורי,1007,תיכון מקיף גבעתיים,ט2,כיתה ט׳2,3,1,3,1,2,4,3,2,2
STU0895,פיילוט א,2025-01-29 14:40:00,כץ,אדר,1004,בית ספר דה שליט רחובות,ט2,כיתה ט׳2,2,1,1,3,1,4,2,3,1
STU0896,פיילוט ג,2024-10-24 16:44:00,אברהם,יעל,1007,תיכון מקיף גבעתיים,י2,כיתה י׳2,4,4,5,4,5,2,4,5,4
STU0897,פיילוט א,2025-01-14 13:19:00,גרוס,אדר,1005,תיכון עירוני ד׳ תל אביב,י2,כיתה י׳2,3,1,3,2,2,3,1,1,2
STU0898,פיילוט ב,2024-09-06 12:35:00,נחמיאס,אייל,1008,בית ספר עמל פתח תקווה,יא2,כיתה יא׳2,3,5,5,3,5,3,5,5,4
STU0899,פיילוט א,2024-10-16 10:49:00,שפירא,יונתן,1007,תיכון מקיף גבעתיים,יא1,כיתה יא׳1,4,1,2,2,2,3,1,4,2
STU0900,פיילוט א,2025-02-10 13:32:00,בן יוסף,יונתן,1007,תיכון מקיף גבעתיים,י1,כיתה י׳1,4,2,3,2,4,3,3,4,3
STU0901,פיילוט ב,2024-11-25 15:41:00,אברהם,אורי,1007,תיכון מקיף גבעתיים,ט2,כיתה ט׳2,3,2,3,1,2,4,2,2,3
STU0902,פיילוט ג,2025-02-06 16:05:00,כץ,גלית,1007,תיכון מקיף גבעתיים,יא1,כיתה יא׳1,3,2,2,3,2,5,1,2,3
STU0903,פיילוט ב,2025-02-01 14:35:00,בן דוד,רונית,1007,תיכון מקיף גבעתיים,ט1,כיתה ט׳1,1,1,3,3,1,4,1,2,1
STU0904,פיילוט ב,2024-09-08 11:36:00,זיו,רחל,1003,תיכון הרצליה תל אביב,י2,כיתה י׳2,1,1,2,3,1,3,1,2,1
STU0905,פיילוט ג,2024-11-02 15:46:00,מזרחי,נועה,1004,בית ספר דה שליט רחובות,יא2,כיתה יא׳2,2,1,3,3,4,3,3,3,1
STU0906,פיילוט ג,2025-02-03 16:45:00,כהן,רחל,1001,בית ספר אורט נהריה,יא2,כיתה יא׳2,4,2,3,1,3,4,3,4,1
STU0907,פיילוט ג,2025-02-14 15:27:00,פרץ,אורי,1008,בית ספר עמל פתח תקווה,יב1,כיתה יב׳1,4,4,5,3,5,3,5,5,5
STU0908,פיילוט ב,2024-11-02 15:13:00,דהן,אורי,1003,תיכון הרצליה תל אביב,יב1,כיתה יב׳1,3,1,3,1,1,3,2,2,1
STU0909,פיילוט ג,2024-11-24 15:44:00,דהן,גלית,1006,בית ספר נעמן עכו,יא2,כיתה יא׳2,4,5,5,3,5,3,4,5,4
STU0910,פיילוט א,2024-11-14 12:45:00,אברהם,גלית,1005,תיכון עירוני ד׳ תל אביב,יא1,כיתה יא׳1,1,1,3,2,1,2,1,3,1
STU0911,פיילוט ג,2024-12-08 12:40:00,שמש,נועה,1005,תיכון עירוני ד׳ תל אביב,י2,כיתה י׳2,4,2,2,3,4,3,1,4,2
STU0912,פיילוט ב,2025-01-01 17:57:00,אברהם,ליאור,1004,בית ספר דה שליט רחובות,יא1,כיתה יא׳1,5,3,5,4,5,4,5,5,4
STU0913,פיילוט ג,2025-01-02 14:00:00,מזרחי,אדר,1003,תיכון הרצליה תל אביב,יא1,כיתה יא׳1,4,2,3,2,4,3,3,3,1
STU0914,פיילוט א,2024-12-27 17:58:00,כהן,הדס,1004,בית ספר דה שליט רחובות,י1,כיתה י׳1,3,4,5,5,4,4,3,5,4
STU0915,פיילוט א,2025-01-20 16:54:00,בן יוסף,מיכל,1004,בית ספר דה שליט רחובות,יא2,כיתה יא׳2,4,1,3,3,2,4,3,2,2
STU0916,פיילוט ג,2025-02-24 15:11:00,לוי,שון,1001,בית ספר אורט נהריה,י2,כיתה י׳2,2,1,3,3,2,5,3,2,1
STU0917,פיילוט ב,2024-10-29 11:37:00,שלום,ניר,1005,תיכון עירוני ד׳ תל אביב,יא1,כיתה יא׳1,5,3,5,3,4,4,4,4,3
STU0918,פיילוט ג,2024-10-21 09:34:00,שלום,רונית,1008,בית ספר עמל פתח תקווה,ט1,כיתה ט׳1,4,5,4,3,5,2,4,4,4
STU0919,פיילוט ג,2025-02-05 15:00:00,דהן,עמית,1008,בית ספר עמל פתח תקווה,י1,כיתה י׳1,5,4,4,5,5,4,3,5,5
STU0920,פיילוט ג,2024-11-03 13:17:00,בן יוסף,הדס,1005,תיכון עירוני ד׳ תל אביב,י2,כיתה י׳2,4,5,5,5,5,4,4,5,5
STU0921,פיילוט ב,2024-09-17 14:43:00,גרוס,אורי,1005,תיכון עירוני ד׳ תל אביב,יא2,כיתה יא׳2,3,4,4,4,5,3,4,4,3
STU0922,פיילוט ג,2024-11-21 16:30:00,פרץ,גיל,1008,בית ספר עמל פתח תקווה,י1,כיתה י׳1,3,1,1,1,1,2,1,3,1
STU0923,פיילוט ג,2024-11-23 16:30:00,כץ,עמית,1004,בית ספר דה שליט רחובות,יא1,כיתה יא׳1,4,3,4,4,4,2,5,5,3
STU0924,פיילוט ב,2024-12-25 12:27:00,שלום,יעל,1005,תיכון עירוני ד׳ תל אביב,ט2,כיתה ט׳2,3,2,2,2,3,5,2,4,2
STU0925,פיילוט ב,2024-10-24 12:18:00,אלון,נועה,1007,תיכון מקיף גבעתיים,ט1,כיתה ט׳1,4,4,5,3,5,3,3,5,3
STU0926,פיילוט ב,2024-09-28 09:15:00,אברהם,אדר,1006,בית ספר נעמן עכו,י2,כיתה י׳2,4,3,4,1,2,5,3,3,2
STU0927,פיילוט ג,2025-01-29 14:03:00,פרץ,יוסף,1008,בית ספר עמל פתח תקווה,יא2,כיתה יא׳2,2,3,3,3,4,4,1,3,3
STU0928,פיילוט ג,2024-12-15 10:55:00,ביטון,גלית,1006,בית ספר נעמן עכו,י1,כיתה י׳1,3,2,2,2,2,5,1,3,3
STU0929,פיילוט א,2025-01-14 12:44:00,כהן,שירה,1005,תיכון עירוני ד׳ תל אביב,יא1,כיתה יא׳1,2,2,2,2,4,5,3,3,3
STU0930,פיילוט ג,2024-10-29 15:23:00,ברק,רונית,1002,בית ספר ריאלי חיפה,יב1,כיתה יב׳1,3,1,2,2,2,2,1,2,1
STU0931,פיילוט ג,2025-01-14 08:58:00,בן דוד,ליאור,1005,תיכון עירוני ד׳ תל אביב,י1,כיתה י׳1,1,1,1,3,1,3,1,2,1
STU0932,פיילוט ב,2024-09-20 17:05:00,בן יוסף,אורי,1001,בית ספר אורט נהריה,יא1,כיתה יא׳1,5,4,5,4,5,4,4,5,3
STU0933,פיילוט ג,2024-12-29 15:56:00,ביטון,אדר,1003,תיכון הרצליה תל אביב,יב1,כיתה יב׳1,5,4,5,5,4,2,5,5,4
STU0934,פיילוט ג,2024-11-15 08:39:00,שפירא,נועה,1002,בית ספר ריאלי חיפה,ט2,כיתה ט׳2,3,2,4,3,4,4,1,3,3
STU0935,פיילוט ב,2025-02-18 11:49:00,שלום,ליאור,1001,בית ספר אורט נהריה,ט2,כיתה ט׳2,2,2,2,3,4,4,3,3,3
STU0936,פיילוט א,2024-11-29 09:20:00,ברק,אייל,1003,תיכון הרצליה תל אביב,ט2,כיתה ט׳2,4,3,4,3,5,4,3,4,5
STU0937,פיילוט ב,2024-12-06 08:28:00,פרידמן,יעל,1004,בית ספר דה שליט רחובות,ט2,כיתה ט׳2,4,4,4,3,5,2,3,5,3
STU0938,פיילוט ב,2025-01-11 09:10:00,פרידמן,אורי,1001,בית ספר אורט נהריה,י2,כיתה י׳2,2,1,3,3,2,3,1,4,3
STU0939,פיילוט ג,2024-11-05 16:07:00,זיו,נועה,1008,בית ספר עמל פתח תקווה,יא2,כיתה יא׳2,4,2,3,1,2,3,3,3,2
STU0940,פיילוט ב,2025-02-27 09:41:00,שפירא,ניר,1001,בית ספר אורט נהריה,י2,כיתה י׳2,2,2,3,2,2,4,3,3,1
STU0941,פיילוט ג,2024-10-10 10:44:00,נחמיאס,יוסף,1001,בית ספר אורט נהריה,י1,כיתה י׳1,2,1,1,1,1,4,1,1,2
STU0942,פיילוט א,2025-01-11 10:47:00,אברהם,ליאור,1001,בית ספר אורט נהריה,יא1,כיתה יא׳1,3,1,2,3,1,2,1,1,1
STU0943,פיילוט א,2024-09-08 08:21:00,כהן,ניר,1002,בית ספר ריאלי חיפה,יב1,כיתה יב׳1,4,3,5,4,5,3,4,5,4
STU0944,פיילוט א,2024-09-04 13:57:00,שמש,מיכל,1001,בית ספר אורט נהריה,יא2,כיתה יא׳2,2,3,3,3,4,5,1,2,1
STU0945,פיילוט א,2024-12-31 15:57:00,דהן,שירה,1007,תיכון מקיף גבעתיים,ט1,כיתה ט׳1,3,2,4,2,2,5,3,2,2
STU0946,פיילוט ג,2024-10-03 11:32:00,ביטון,שירה,1006,בית ספר נעמן עכו,יא2,כיתה יא׳2,4,3,4,1,3,4,3,4,1
STU0947,פיילוט א,2024-10-18 12:21:00,זיו,גלית,1004,בית ספר דה שליט רחובות,יא2,כיתה יא׳2,1,2,2,2,2,2,1,1,1
STU0948,פיילוט א,2025-02-09 08:50:00,פרידמן,דוד,1005,תיכון עירוני ד׳ תל אביב,יב1,כיתה יב׳1,3,2,4,1,4,5,1,4,2
STU0949,פיילוט ג,2024-10-19 17:25:00,זיו,רונית,1001,בית ספר אורט נהריה,ט2,כיתה ט׳2,3,3,5,4,4,4,4,5,4
STU0950,פיילוט ב,2024-11-05 13:51:00,נחמיאס,יונתן,1008,בית ספר עמל פתח תקווה,יא1,כיתה יא׳1,3,1,4,2,4,5,2,3,1
STU0951,פיילוט א,2024-10-03 09:14:00,זיו,אורי,1008,בית ספר עמל פתח תקווה,יא2,כיתה יא׳2,2,2,2,1,1,3,2,1,2
STU0952,פיילוט ג,2024-12-11 16:12:00,ביטון,אייל,1002,בית ספר ריאלי חיפה,יא1,כיתה יא׳1,2,2,3,2,3,5,1,4,1
STU0953,פיילוט ג,2024-12-02 16:14:00,בן דוד,דוד,1001,בית ספר אורט נהריה,ט2,כיתה ט׳2,2,2,3,1,2,4,2,1,2
STU0954,פיילוט א,2024-12-18 11:17:00,לוי,יעל,1006,בית ספר נעמן עכו,ט2,כיתה ט׳2,1,2,3,3,1,4,1,3,2
STU0955,פיילוט ג,2025-01-21 12:13:00,כץ,שון,1005,תיכון עירוני ד׳ תל אביב,י2,כיתה י׳2,3,2,3,1,4,4,1,2,2
STU0956,פיילוט ב,2025-01-30 11:15:00,אלון,מיכל,1002,בית ספר ריאלי חיפה,ט1,כיתה ט׳1,3,4,4,3,5,2,5,5,4
STU0957,פיילוט א,2025-02-20 12:48:00,ברק,נועה,1004,בית ספר דה שליט רחובות,י1,כיתה י׳1,2,3,4,3,4,3,1,3,1
STU0958,פיילוט ב,2025-01-17 17:29:00,ביטון,מיכל,1002,בית ספר ריאלי חיפה,יא1,כיתה יא׳1,2,3,4,2,2,5,2,3,1
STU0959,פיילוט א,2025-01-03 12:14:00,בן דוד,אורי,1006,בית ספר נעמן עכו,י1,כיתה י׳1,3,1,4,2,3,5,1,4,3
STU0960,פיילוט ג,2024-09-27 12:53:00,דהן,תמר,1002,בית ספר ריאלי חיפה,יא2,כיתה יא׳2,2,1,3,2,2,3,1,1,2
STU0961,פיילוט ג,2024-10-27 17:27:00,דהן,אורי,1006,בית ספר נעמן עכו,י2,כיתה י׳2,4,3,4,3,5,3,3,5,4
STU0962,פיילוט ג,2025-02-12 09:36:00,פרץ,אורי,1008,בית ספר עמל פתח תקווה,יא1,כיתה יא׳1,3,3,4,3,3,3,3,2,3
STU0963,פיילוט ג,2024-12-22 15:36:00,בן דוד,יוסף,1004,בית ספר דה שליט רחובות,י1,כיתה י׳1,3,2,2,2,2,4,1,2,2
STU0964,פיילוט ג,2024-09-26 12:58:00,אלמוג,נועה,1007,תיכון מקיף גבעתיים,יב1,כיתה יב׳1,2,2,1,1,2,2,1,3,1
STU0965,פיילוט ב,2025-02-26 12:49:00,אברהם,רונית,1008,בית ספר עמל פתח תקווה,יב1,כיתה יב׳1,4,2,3,1,3,4,1,3,2
STU0966,פיילוט ב,2024-10-29 13:53:00,גרוס,אורי,1006,בית ספר נעמן עכו,יא2,כיתה יא׳2,2,1,2,1,1,3,2,3,2
STU0967,פיילוט ב,2024-11-29 13:51:00,זיו,ליאור,1002,בית ספר ריאלי חיפה,יא2,כיתה יא׳2,4,2,4,1,3,3,2,4,2
STU0968,פיילוט ב,2025-01-22 16:11:00,שפירא,שון,1003,תיכון הרצליה תל אביב,ט2,כיתה ט׳2,3,3,5,4,5,4,5,5,4
STU0969,פיילוט א,2024-11-30 14:08:00,שפירא,אורי,1002,בית ספר ריאלי חיפה,ט2,כיתה ט׳2,5,5,5,4,5,2,5,5,5
STU0970,פיילוט ג,2024-09-07 15:14:00,שמש,אייל,1005,תיכון עירוני ד׳ תל אביב,יא1,כיתה יא׳1,4,3,5,3,4,4,3,5,4
STU0971,פיילוט ג,2025-01-21 16:36:00,פרידמן,עמית,1004,בית ספר דה שליט רחובות,י2,כיתה י׳2,3,3,5,3,4,4,4,5,4
STU0972,פיילוט ג,2024-12-20 13:23:00,שמש,אדר,1003,תיכון הרצליה תל אביב,יב1,כיתה יב׳1,3,3,4,2,4,4,3,3,2
STU0973,פיילוט ג,2024-12-31 16:20:00,פרץ,שון,1006,בית ספר נעמן עכו,ט1,כיתה ט׳1,4,5,4,5,5,2,3,5,5
STU0974,פיילוט ב,2025-02-06 15:31:00,שלום,עמית,1004,בית ספר דה שליט רחובות,יא2,כיתה יא׳2,3,2,3,1,1,3,2,1,1
STU0975,פיילוט א,2025-02-22 13:04:00,דהן,גלית,1002,בית ספר ריאלי חיפה,ט2,כיתה ט׳2,3,3,4,1,3,4,3,2,1
STU0976,פיילוט א,2024-11-19 16:44:00,גרוס,אדר,1005,תיכון עירוני ד׳ תל אביב,יא2,כיתה יא׳2,3,1,2,3,1,3,1,3,1
STU0977,פיילוט ג,2024-12-01 17:07:00,מזרחי,שון,1004,בית ספר דה שליט רחובות,יא1,כיתה יא׳1,2,3,4,3,3,3,3,2,3
STU0978,פיילוט ב,2025-01-05 09:21:00,מזרחי,אורי,1002,בית ספר ריאלי חיפה,יא1,כיתה יא׳1,1,2,1,1,2,2,1,1,2
STU0979,פיילוט ג,2024-11-19 13:11:00,אלמוג,תמר,1007,תיכון מקיף גבעתיים,יא1,כיתה יא׳1,2,1,2,3,1,2,1,1,1
STU0980,פיילוט א,2024-09-25 16:16:00,כהן,שון,1008,בית ספר עמל פתח תקווה,ט1,כיתה ט׳1,4,3,4,4,5,4,3,5,4
STU0981,פיילוט א,2024-11-18 08:51:00,שלום,גלית,1001,בית ספר אורט נהריה,יא1,כיתה יא׳1,2,1,1,1,2,2,1,2,1
STU0982,פיילוט א,2025-02-22 10:38:00,אלון,גלית,1006,בית ספר נעמן עכו,יב1,כיתה יב׳1,3,5,5,4,4,4,3,5,3
STU0983,פיילוט ג,2024-11-19 12:06:00,אלון,דוד,1003,תיכון הרצליה תל אביב,י2,כיתה י׳2,1,2,1,2,1,4,1,3,1
STU0984,פיילוט ב,2024-09-30 16:04:00,ברק,אייל,1003,תיכון הרצליה תל אביב,ט1,כיתה ט׳1,5,3,5,4,5,4,5,5,4
STU0985,פיילוט א,2024-09-26 16:05:00,ברק,הדס,1006,בית ספר נעמן עכו,ט2,כיתה ט׳2,2,2,2,2,2,4,3,4,3
STU0986,פיילוט ג,2024-12-13 14:24:00,מזרחי,ניר,1007,תיכון מקיף גבעתיים,יב1,כיתה יב׳1,1,1,2,1,1,2,1,3,1
STU0987,פיילוט א,2024-09-15 16:53:00,לוי,רונית,1001,בית ספר אורט נהריה,י2,כיתה י׳2,4,2,4,2,3,4,2,4,3
STU0988,פיילוט ג,2024-09-13 12:24:00,פרידמן,ליאור,1002,בית ספר ריאלי חיפה,י1,כיתה י׳1,3,2,1,3,1,4,1,3,1
STU0989,פיילוט ג,2024-10-25 09:29:00,אברהם,אייל,1001,בית ספר אורט נהריה,יב1,כיתה יב׳1,4,3,4,1,4,4,3,4,1
STU0990,פיילוט ג,2025-02-24 09:59:00,גרוס,נועה,1006,בית ספר נעמן עכו,ט1,כיתה ט׳1,4,3,5,5,5,2,3,5,3
STU0991,פיילוט ב,2025-02-07 12:56:00,אלמוג,גלית,1004,בית ספר דה שליט רחובות,יא2,כיתה יא׳2,4,3,5,4,4,2,3,5,3
STU0992,פיילוט ג,2025-01-03 12:38:00,כהן,יעל,1005,תיכון עירוני ד׳ תל אביב,ט2,כיתה ט׳2,2,1,3,1,1,3,1,2,1
STU0993,פיילוט ב,2024-09-18 10:34:00,ברק,דוד,1001,בית ספר אורט נהריה,יא2,כיתה יא׳2,5,5,4,3,5,2,3,4,4
STU0994,פיילוט ג,2024-12-11 11:05:00,בן יוסף,ניר,1005,תיכון עירוני ד׳ תל אביב,יא2,כיתה יא׳2,2,1,3,2,1,4,1,1,1
STU0995,פיילוט ג,2025-02-25 09:15:00,אלמוג,שון,1004,בית ספר דה שליט רחובות,ט2,כיתה ט׳2,4,4,4,3,4,2,4,4,3
STU0996,פיילוט ג,2024-09-12 17:00:00,ביטון,אדר,1006,בית ספר נעמן עכו,י2,כיתה י׳2,4,5,4,5,5,2,3,5,4
STU0997,פיילוט ב,2024-10-28 10:40:00,פרידמן,אדר,1005,תיכון עירוני ד׳ תל אביב,ט2,כיתה ט׳2,2,3,2,2,3,3,2,4,1
STU0998,פיילוט ב,2024-09-15 09:43:00,מזרחי,עמית,1008,בית ספר עמל פתח תקווה,ט1,כיתה ט׳1,3,5,5,4,5,2,3,5,4
STU0999,פיילוט ג,2024-12-07 08:36:00,לוי,יעל,1001,בית ספר אורט נהריה,יא1,כיתה יא׳1,5,4,5,3,4,2,5,4,3
STU1000,פיילוט א,2025-02-13 14:18:00,כץ,יעל,1002,בית ספר ריאלי חיפה,יב1,כיתה יב׳1,3,1,3,3,1,2,2,2,2
STU1001,פיילוט א,2025-01-16 13:14:00,ביטון,גיל,1008,בית ספר עמל פתח תקווה,יא2,כיתה יא׳2,2,2,2,2,2,3,1,1,1
STU1002,פיילוט ב,2025-01-17 11:25:00,ביטון,ליאור,1003,תיכון הרצליה תל אביב,י2,כיתה י׳2,4,5,4,4,5,2,3,5,4
STU1003,פיילוט ב,2025-02-18 14:08:00,בן דוד,רונית,1004,בית ספר דה שליט רחובות,י2,כיתה י׳2,3,3,3,2,3,4,2,3,2
STU1004,פיילוט ג,2024-12-05 12:13:00,שפירא,שירה,1004,בית ספר דה שליט רחובות,ט2,כיתה ט׳2,5,3,5,5,5,3,4,5,4
STU1005,פיילוט ג,2024-10-11 14:59:00,בן דוד,עמית,1008,בית ספר עמל פתח תקווה,ט1,כיתה ט׳1,2,1,3,2,1,2,1,2,2
STU1006,פיילוט א,2024-10-10 14:36:00,פרידמן,שירה,1003,תיכון הרצליה תל אביב,י2,כיתה י׳2,1,1,3,3,1,3,2,3,2
STU1007,פיילוט ב,2024-09-10 09:50:00,מזרחי,מיכל,1007,תיכון מקיף גבעתיים,י1,כיתה י׳1,5,3,5,4,5,4,5,5,5
STU1008,פיילוט א,2024-12-02 17:58:00,ברק,גלית,1001,בית ספר אורט נהריה,ט1,כיתה ט׳1,2,2,3,1,4,3,1,3,1
STU1009,פיילוט ב,2024-10-01 16:58:00,כץ,עמית,1008,בית ספר עמל פתח תקווה,י2,כיתה י׳2,1,1,2,1,2,2,1,1,1
STU1010,פיילוט ג,2024-09-25 08:08:00,שפירא,ניר,1003,תיכון הרצליה תל אביב,יא1,כיתה יא׳1,2,2,2,3,1,2,2,1,1
STU1011,פיילוט א,2024-09-06 15:42:00,שלום,ליאור,1007,תיכון מקיף גבעתיים,י2,כיתה י׳2,1,2,3,2,1,4,2,1,1
STU1012,פיילוט ב,2024-10-21 13:18:00,מזרחי,ליאור,1006,בית ספר נעמן עכו,ט1,כיתה ט׳1,3,3,5,4,5,3,3,4,5
STU1013,פיילוט ג,2025-01-04 13:57:00,אברהם,יוסף,1008,בית ספר עמל פתח תקווה,ט1,כיתה ט׳1,2,1,2,2,1,4,1,3,1
STU1014,פיילוט ב,2024-09-21 13:35:00,לוי,שירה,1004,בית ספר דה שליט רחובות,יא2,כיתה יא׳2,4,4,5,3,5,4,5,5,5
STU1015,פיילוט ג,2024-11-09 14:21:00,אלון,הדס,1001,בית ספר אורט נהריה,יא2,כיתה יא׳2,4,4,4,4,5,3,3,5,5
STU1016,פיילוט ג,2024-09-22 15:58:00,מזרחי,אדר,1007,תיכון מקיף גבעתיים,י2,כיתה י׳2,2,2,4,2,4,3,2,3,2
STU1017,פיילוט א,2024-09-23 09:00:00,כהן,אדר,1002,בית ספר ריאלי חיפה,ט1,כיתה ט׳1,1,1,1,1,1,2,1,3,1
STU1018,פיילוט ג,2024-10-06 11:58:00,מזרחי,דוד,1002,בית ספר ריאלי חיפה,ט2,כיתה ט׳2,2,2,2,3,1,4,1,1,2
STU1019,פיילוט א,2025-02-08 16:12:00,נחמיאס,רונית,1002,בית ספר ריאלי חיפה,יא2,כיתה יא׳2,4,5,4,3,4,4,3,5,4
STU1020,פיילוט ג,2024-09-02 09:11:00,פרידמן,תמר,1008,בית ספר עמל פתח תקווה,יא1,כיתה יא׳1,4,4,5,5,5,2,4,4,5
STU1021,פיילוט ג,2024-12-11 17:18:00,כץ,עמית,1003,תיכון הרצליה תל אביב,יא1,כיתה יא׳1,5,3,5,3,4,2,4,4,3
STU1022,פיילוט ב,2024-10-12 09:03:00,מזרחי,ניר,1005,תיכון עירוני ד׳ תל אביב,ט2,כיתה ט׳2,4,5,4,5,4,4,5,5,4
STU1023,פיילוט א,2024-11-21 17:49:00,אלון,שון,1006,בית ספר נעמן עכו,יא2,כיתה יא׳2,2,1,3,3,1,2,2,3,1
STU1024,פיילוט ב,2024-11-20 16:47:00,פרידמן,אייל,1002,בית ספר ריאלי חיפה,יא1,כיתה יא׳1,2,1,2,3,1,3,1,2,1
STU1025,פיילוט ג,2024-10-07 14:26:00,כהן,שירה,1003,תיכון הרצליה תל אביב,ט1,כיתה ט׳1,3,2,3,2,3,4,2,3,1
STU1026,פיילוט ג,2024-10-26 09:01:00,שפירא,ניר,1006,בית ספר נעמן עכו,י2,כיתה י׳2,4,4,4,4,5,2,3,5,3
STU1027,פיילוט ב,2025-01-03 17:46:00,נחמיאס,עמית,1003,תיכון הרצליה תל אביב,י1,כיתה י׳1,3,4,5,3,5,4,4,4,3
STU1028,פיילוט א,2024-11-14 10:15:00,בן דוד,ניר,1007,תיכון מקיף גבעתיים,יב1,כיתה יב׳1,4,1,3,1,2,4,3,3,3
STU1029,פיילוט ב,2025-02-04 09:38:00,ביטון,הדס,1004,בית ספר דה שליט רחובות,י2,כיתה י׳2,4,5,4,4,5,3,5,5,4
STU1030,פיילוט ג,2024-12-16 11:13:00,ברק,אייל,1005,תיכון עירוני ד׳ תל אביב,י1,כיתה י׳1,4,1,3,3,3,3,1,3,2
STU1031,פיילוט ב,2025-01-25 11:45:00,שלום,שון,1006,בית ספר נעמן עכו,יא2,כיתה יא׳2,4,2,4,2,4,3,1,3,3
STU1032,פיילוט א,2024-11-22 09:33:00,נחמיאס,רחל,1004,בית ספר דה שליט רחובות,יב1,כיתה יב׳1,4,2,2,2,4,3,2,2,3
STU1033,פיילוט ב,2025-02-10 08:20:00,אלון,שון,1005,תיכון עירוני ד׳ תל אביב,ט1,כיתה ט׳1,2,2,4,1,3,3,2,2,1
STU1034,פיילוט א,2025-02-02 09:18:00,לוי,רונית,1008,בית ספר עמל פתח תקווה,יא1,כיתה יא׳1,4,4,5,5,5,2,5,4,5
STU1035,פיילוט ב,2025-02-14 14:05:00,אלון,רחל,1005,תיכון עירוני ד׳ תל אביב,ט2,כיתה ט׳2,4,1,3,2,2,3,2,2,1
STU1036,פיילוט ג,2024-10-21 17:29:00,גרוס,דוד,1003,תיכון הרצליה תל אביב,י2,כיתה י׳2,4,1,4,2,3,3,2,3,2
STU1037,פיילוט א,2025-01-19 08:40:00,אלמוג,אדר,1003,תיכון הרצליה תל אביב,י1,כיתה י׳1,3,4,5,4,5,2,4,5,4
STU1038,פיילוט ב,2024-10-04 15:04:00,מזרחי,שירה,1007,תיכון מקיף גבעתיים,ט2,כיתה ט׳2,1,2,2,2,2,4,1,3,1
STU1039,פיילוט ג,2024-09-18 15:25:00,בן יוסף,יוסף,1003,תיכון הרצליה תל אביב,ט1,כיתה ט׳1,5,3,4,4,5,3,3,5,4
STU1040,פיילוט ב,2024-11-01 08:41:00,בן יוסף,נועה,1007,תיכון מקיף גבעתיים,יא2,כיתה יא׳2,1,2,1,1,1,2,1,2,1
STU1041,פיילוט ג,2024-11-22 14:48:00,שפירא,נועה,1001,בית ספר אורט נהריה,יא2,כיתה יא׳2,4,3,4,3,4,2,3,5,4
STU1042,פיילוט א,2024-10-24 11:37:00,נחמיאס,נועה,1005,תיכון עירוני ד׳ תל אביב,י2,כיתה י׳2,3,2,2,3,1,2,1,3,1
STU1043,פיילוט א,2025-02-07 12:17:00,בן יוסף,ליאור,1006,בית ספר נעמן עכו,יא2,כיתה יא׳2,3,3,2,2,2,3,3,2,3
STU1044,פיילוט א,2024-11-13 15:01:00,זיו,שון,1007,תיכון מקיף גבעתיים,ט2,כיתה ט׳2,3,1,2,1,1,3,1,1,2
STU1045,פיילוט א,2024-11-16 11:56:00,שלום,גיל,1007,תיכון מקיף גבעתיים,ט2,כיתה ט׳2,3,4,4,5,4,2,5,5,5
STU1046,פיילוט א,2024-10-26 10:55:00,ברק,רונית,1006,בית ספר נעמן עכו,י2,כיתה י׳2,3,1,3,2,1,4,1,2,1
STU1047,פיילוט ב,2024-11-13 11:04:00,כץ,אורי,1008,בית ספר עמל פתח תקווה,יא2,כיתה יא׳2,2,1,2,3,1,3,1,3,2
STU1048,פיילוט א,2024-10-11 09:03:00,אלון,רונית,1001,בית ספר אורט נהריה,יב1,כיתה יב׳1,1,1,2,1,1,3,1,3,2
STU1049,פיילוט ג,2024-10-07 12:29:00,פרידמן,אורי,1004,בית ספר דה שליט רחובות,י2,כיתה י׳2,2,2,3,3,2,4,1,2,2
STU1050,פיילוט א,2024-11-09 08:44:00,שלום,ניר,1001,בית ספר אורט נהריה,י2,כיתה י׳2,3,3,5,3,5,4,5,5,4
STU1051,פיילוט ג,2024-12-29 14:11:00,כהן,גלית,1002,בית ספר ריאלי חיפה,יא2,כיתה יא׳2,3,3,5,5,5,2,3,5,4
STU1052,פיילוט א,2024-11-09 11:15:00,זיו,נועה,1001,בית ספר אורט נהריה,יא2,כיתה יא׳2,2,2,2,3,1,2,1,1,2
STU1053,פיילוט ג,2024-09-23 17:23:00,זיו,ניר,1001,בית ספר אורט נהריה,יב1,כיתה יב׳1,4,3,3,1,4,5,1,3,2
STU1054,פיילוט ג,2024-10-15 17:25:00,אלון,רחל,1003,תיכון הרצליה תל אביב,י1,כיתה י׳1,4,3,4,1,3,5,3,3,2
STU1055,פיילוט ב,2024-11-04 10:21:00,אלון,רחל,1006,בית ספר נעמן עכו,יב1,כיתה יב׳1,5,4,5,5,5,3,4,4,5
STU1056,פיילוט ג,2025-02-09 10:54:00,שלום,שירה,1008,בית ספר עמל פתח תקווה,יב1,כיתה יב׳1,1,1,2,3,2,2,2,2,2
STU1057,פיילוט ג,2024-09-02 12:59:00,בן יוסף,דוד,1004,בית ספר דה שליט רחובות,יב1,כיתה יב׳1,2,2,2,3,4,3,3,2,3
STU1058,פיילוט ג,2024-12-10 11:36:00,אלון,עמית,1004,בית ספר דה שליט רחובות,יא2,כיתה יא׳2,3,1,3,3,3,5,2,4,3
STU1059,פיילוט ג,2024-10-07 09:44:00,גרוס,אייל,1002,בית ספר ריאלי חיפה,ט2,כיתה ט׳2,2,1,3,1,2,2,2,1,1
STU1060,פיילוט א,2024-10-18 09:04:00,דהן,רחל,1007,תיכון מקיף גבעתיים,י1,כיתה י׳1,4,1,2,1,2,3,2,2,1
STU1061,פיילוט ב,2024-11-17 14:39:00,שלום,ניר,1002,בית ספר ריאלי חיפה,י2,כיתה י׳2,2,1,3,3,1,3,1,2,1
STU1062,פיילוט ב,2024-09-26 14:44:00,שלום,שון,1001,בית ספר אורט נהריה,יא2,כיתה יא׳2,4,4,5,3,5,4,4,5,5
STU1063,פיילוט ב,2024-11-02 09:29:00,שפירא,אדר,1006,בית ספר נעמן עכו,יא2,כיתה יא׳2,4,3,5,3,5,3,5,4,3
STU1064,פיילוט ב,2024-09-03 10:37:00,כהן,הדס,1004,בית ספר דה שליט רחובות,יא1,כיתה יא׳1,4,4,5,5,5,2,5,5,3
STU1065,פיילוט ג,2024-11-04 17:07:00,בן דוד,ניר,1008,בית ספר עמל פתח תקווה,ט1,כיתה ט׳1,4,4,5,5,5,4,5,5,3
STU1066,פיילוט ב,2024-10-21 15:31:00,שמש,נועה,1003,תיכון הרצליה תל אביב,י2,כיתה י׳2,3,4,5,4,5,2,5,4,3
STU1067,פיילוט ג,2025-01-05 11:45:00,זיו,אורי,1007,תיכון מקיף גבעתיים,יב1,כיתה יב׳1,1,1,1,2,1,2,1,3,2
STU1068,פיילוט א,2024-09-06 16:57:00,אלון,יונתן,1002,בית ספר ריאלי חיפה,ט2,כיתה ט׳2,5,5,5,3,5,3,4,5,4
STU1069,פיילוט ב,2025-02-18 13:30:00,שפירא,הדס,1002,בית ספר ריאלי חיפה,י2,כיתה י׳2,4,4,5,5,5,2,3,4,4
STU1070,פיילוט א,2024-12-05 16:16:00,נחמיאס,מיכל,1004,בית ספר דה שליט רחובות,ט2,כיתה ט׳2,3,3,5,3,5,2,4,5,5
STU1071,פיילוט ב,2024-12-10 08:23:00,לוי,הדס,1003,תיכון הרצליה תל אביב,יא1,כיתה יא׳1,5,3,4,3,4,3,3,5,5
STU1072,פיילוט ג,2024-10-25 11:42:00,נחמיאס,ניר,1001,בית ספר אורט נהריה,ט1,כיתה ט׳1,2,2,3,1,1,2,1,1,1
STU1073,פיילוט א,2025-01-09 10:55:00,מזרחי,ניר,1008,בית ספר עמל פתח תקווה,ט2,כיתה ט׳2,4,5,5,5,5,2,3,5,3
STU1074,פיילוט א,2024-09-11 13:49:00,שפירא,נועה,1002,בית ספר ריאלי חיפה,יא1,כיתה יא׳1,5,4,5,4,4,3,4,4,4
STU1075,פיילוט ג,2024-12-14 10:15:00,כץ,הדס,1004,בית ספר דה שליט רחובות,יא2,כיתה יא׳2,3,2,4,1,4,3,2,4,3
STU1076,פיילוט א,2024-09-11 13:17:00,שפירא,תמר,1005,תיכון עירוני ד׳ תל אביב,י2,כיתה י׳2,4,1,3,1,4,3,3,2,3
STU1077,פיילוט ב,2025-01-29 16:59:00,כץ,שון,1008,בית ספר עמל פתח תקווה,יא2,כיתה יא׳2,4,3,3,2,3,5,2,3,3
STU1078,פיילוט ב,2025-02-09 12:59:00,דהן,גיל,1003,תיכון הרצליה תל אביב,י2,כיתה י׳2,5,4,5,5,5,4,5,4,4
STU1079,פיילוט ב,2024-11-11 12:38:00,אלמוג,רונית,1004,בית ספר דה שליט רחובות,י1,כיתה י׳1,5,3,5,4,4,3,5,5,4
STU1080,פיילוט ג,2024-12-28 17:33:00,אברהם,אורי,1003,תיכון הרצליה תל אביב,יב1,כיתה יב׳1,2,3,4,2,4,5,3,3,1
STU1081,פיילוט א,2025-01-02 12:59:00,שלום,רחל,1005,תיכון עירוני ד׳ תל אביב,יא2,כיתה יא׳2,5,5,5,3,5,3,4,4,4
STU1082,פיילוט ב,2024-11-05 15:29:00,בן יוסף,גלית,1006,בית ספר נעמן עכו,ט2,כיתה ט׳2,1,1,1,2,2,3,1,1,1
STU1083,פיילוט ג,2024-12-21 14:20:00,פרץ,שירה,1005,תיכון עירוני ד׳ תל אביב,יא1,כיתה יא׳1,2,2,2,2,4,4,3,2,2
STU1084,פיילוט ב,2024-09-25 14:13:00,לוי,גלית,1003,תיכון הרצליה תל אביב,ט1,כיתה ט׳1,1,1,1,2,1,4,2,2,1
STU1085,פיילוט א,2025-02-02 17:48:00,דהן,יונתן,1001,בית ספר אורט נהריה,ט1,כיתה ט׳1,4,3,3,2,3,3,1,2,3
STU1086,פיילוט א,2025-02-05 08:10:00,מזרחי,גלית,1006,בית ספר נעמן עכו,יב1,כיתה יב׳1,3,5,5,4,4,2,4,4,5
STU1087,פיילוט ב,2024-10-27 12:06:00,כהן,אייל,1005,תיכון עירוני ד׳ תל אביב,יב1,כיתה יב׳1,3,3,5,3,4,3,5,4,3
STU1088,פיילוט ג,2024-12-23 10:47:00,שפירא,שון,1005,תיכון עירוני ד׳ תל אביב,י2,כיתה י׳2,2,1,1,1,1,2,1,3,1
STU1089,פיילוט ג,2025-01-06 16:39:00,שפירא,רחל,1007,תיכון מקיף גבעתיים,ט1,כיתה ט׳1,2,1,3,2,1,4,1,2,1
STU1090,פיילוט א,2024-11-20 13:25:00,דהן,אייל,1004,בית ספר דה שליט רחובות,י1,כיתה י׳1,1,2,3,3,1,2,1,1,1
STU1091,פיילוט ב,2024-09-06 14:36:00,אלון,ליאור,1005,תיכון עירוני ד׳ תל אביב,ט2,כיתה ט׳2,2,1,3,3,1,4,2,1,1
STU1092,פיילוט ב,2024-12-03 12:30:00,אברהם,דוד,1007,תיכון מקיף גבעתיים,ט1,כיתה ט׳1,4,2,3,1,3,4,2,2,2
STU1093,פיילוט ג,2024-09-24 10:05:00,כץ,יונתן,1004,בית ספר דה שליט רחובות,יב1,כיתה יב׳1,3,2,3,1,1,3,1,1,1
STU1094,פיילוט א,2024-12-14 12:10:00,בן דוד,מיכל,1001,בית ספר אורט נהריה,י1,כיתה י׳1,3,2,2,2,2,4,2,2,1
STU1095,פיילוט א,2024-10-13 11:01:00,פרידמן,שון,1004,בית ספר דה שליט רחובות,יב1,כיתה יב׳1,1,2,3,3,1,3,2,2,1
STU1096,פיילוט א,2025-01-15 10:15:00,כהן,אדר,1002,בית ספר ריאלי חיפה,ט1,כיתה ט׳1,3,5,4,4,5,3,5,4,3
STU1097,פיילוט ב,2024-10-10 10:15:00,כץ,ליאור,1003,תיכון הרצליה תל אביב,יב1,כיתה יב׳1,2,3,4,1,3,3,1,2,2
STU1098,פיילוט א,2024-09-18 14:08:00,כהן,גיל,1005,תיכון עירוני ד׳ תל אביב,י2,כיתה י׳2,2,3,2,3,2,3,3,4,1
STU1099,פיילוט ב,2024-11-30 17:36:00,שפירא,תמר,1008,בית ספר עמל פתח תקווה,יא1,כיתה יא׳1,2,2,3,3,1,4,1,3,2
STU1100,פיילוט ג,2024-12-15 14:24:00,גרוס,ליאור,1007,תיכון מקיף גבעתיים,ט2,כיתה ט׳2,2,1,2,1,4,4,2,2,3
STU1101,פיילוט ב,2025-02-14 12:25:00,שמש,שירה,1001,בית ספר אורט נהריה,י1,כיתה י׳1,3,3,5,5,4,3,5,5,3
STU1102,פיילוט ב,2024-12-16 08:15:00,ביטון,אורי,1001,בית ספר אורט נהריה,ט2,כיתה ט׳2,4,4,5,5,5,3,3,5,3
STU1103,פיילוט א,2025-01-20 15:02:00,נחמיאס,מיכל,1005,תיכון עירוני ד׳ תל אביב,י1,כיתה י׳1,3,2,4,2,2,5,2,3,3
STU1104,פיילוט א,2024-09-16 08:32:00,פרידמן,הדס,1006,בית ספר נעמן עכו,י1,כיתה י׳1,4,1,2,1,2,5,3,4,2
STU1105,פיילוט ב,2025-01-11 17:07:00,זיו,ניר,1006,בית ספר נעמן עכו,ט1,כיתה ט׳1,3,3,3,2,4,4,2,3,1
STU1106,פיילוט ג,2024-11-24 15:46:00,דהן,שירה,1007,תיכון מקיף גבעתיים,יב1,כיתה יב׳1,5,5,5,5,5,4,3,4,4
STU1107,פיילוט א,2024-10-05 11:26:00,שלום,רונית,1003,תיכון הרצליה תל אביב,יב1,כיתה יב׳1,5,4,5,4,4,2,3,5,3
STU1108,פיילוט א,2025-01-02 09:14:00,זיו,דוד,1007,תיכון מקיף גבעתיים,יב1,כיתה יב׳1,4,3,3,1,2,3,1,2,2
STU1109,פיילוט א,2025-01-19 13:40:00,ברק,הדס,1008,בית ספר עמל פתח תקווה,ט1,כיתה ט׳1,2,1,3,3,1,3,1,3,2
STU1110,פיילוט ג,2025-01-02 12:21:00,בן דוד,גיל,1003,תיכון הרצליה תל אביב,יא2,כיתה יא׳2,3,2,3,2,2,2,1,1,1
STU1111,פיילוט ב,2024-12-28 10:59:00,פרץ,יונתן,1008,בית ספר עמל פתח תקווה,יא2,כיתה יא׳2,5,4,5,3,4,4,3,4,3
STU1112,פיילוט ג,2025-02-17 09:49:00,ברק,יוסף,1006,בית ספר נעמן עכו,י2,כיתה י׳2,3,3,3,2,2,3,1,4,2
STU1113,פיילוט ב,2025-01-04 14:37:00,פרידמן,יעל,1007,תיכון מקיף גבעתיים,י2,כיתה י׳2,4,4,4,4,5,2,4,4,4
STU1114,פיילוט א,2024-09-22 09:05:00,מזרחי,נועה,1007,תיכון מקיף גבעתיים,יב1,כיתה יב׳1,2,3,2,2,2,5,2,4,2
STU1115,פיילוט ב,2024-10-05 12:53:00,אלון,ליאור,1003,תיכון הרצליה תל אביב,יא1,כיתה יא׳1,2,3,4,1,2,3,2,2,1
STU1116,פיילוט א,2024-10-14 14:52:00,נחמיאס,אורי,1002,בית ספר ריאלי חיפה,ט1,כיתה ט׳1,3,1,2,3,2,3,3,2,1
STU1117,פיילוט ב,2024-10-11 16:06:00,נחמיאס,שון,1005,תיכון עירוני ד׳ תל אביב,יא1,כיתה יא׳1,3,1,3,2,1,2,1,3,1
STU1118,פיילוט ב,2024-11-18 12:41:00,שפירא,עמית,1004,בית ספר דה שליט רחובות,יא2,כיתה יא׳2,4,4,5,3,5,3,4,5,5
STU1119,פיילוט ב,2024-09-16 17:56:00,פרץ,שירה,1004,בית ספר דה שליט רחובות,יב1,כיתה יב׳1,2,1,1,2,1,4,1,1,1
STU1120,פיילוט א,2025-01-02 14:26:00,פרץ,יונתן,1002,בית ספר ריאלי חיפה,י2,כיתה י׳2,5,3,5,4,5,3,5,4,5
STU1121,פיילוט א,2024-09-09 12:24:00,אברהם,ניר,1005,תיכון עירוני ד׳ תל אביב,יא2,כיתה יא׳2,4,1,3,1,3,3,2,2,1
STU1122,פיילוט ב,2025-01-24 10:00:00,אברהם,תמר,1008,בית ספר עמל פתח תקווה,יא2,כיתה יא׳2,2,1,1,2,2,4,1,3,1
STU1123,פיילוט ב,2024-10-17 14:02:00,כהן,ליאור,1007,תיכון מקיף גבעתיים,ט1,כיתה ט׳1,2,1,2,1,4,5,2,3,1
STU1124,פיילוט ג,2025-02-22 16:17:00,בן דוד,יעל,1006,בית ספר נעמן עכו,יב1,כיתה יב׳1,3,1,2,2,4,3,1,2,2
STU1125,פיילוט ג,2024-11-25 08:26:00,שלום,מיכל,1004,בית ספר דה שליט רחובות,י2,כיתה י׳2,4,5,5,5,5,4,4,4,4
STU1126,פיילוט ב,2025-02-14 08:52:00,שמש,גלית,1008,בית ספר עמל פתח תקווה,יב1,כיתה יב׳1,4,3,2,2,4,3,2,3,2
STU1127,פיילוט ב,2024-09-13 09:51:00,דהן,יונתן,1005,תיכון עירוני ד׳ תל אביב,י2,כיתה י׳2,5,3,4,3,5,2,4,4,4
STU1128,פיילוט ג,2025-02-17 16:18:00,פרץ,אייל,1007,תיכון מקיף גבעתיים,ט1,כיתה ט׳1,3,1,3,3,1,3,2,1,2
STU1129,פיילוט ג,2025-02-13 11:30:00,כהן,אורי,1007,תיכון מקיף גבעתיים,יא1,כיתה יא׳1,2,3,4,1,2,5,2,2,2
STU1130,פיילוט ג,2024-10-12 13:06:00,גרוס,גיל,1003,תיכון הרצליה תל אביב,יא2,כיתה יא׳2,3,5,5,5,5,3,3,5,3
STU1131,פיילוט א,2025-01-07 16:29:00,בן דוד,אורי,1002,בית ספר ריאלי חיפה,ט1,כיתה ט׳1,3,3,4,4,4,2,4,5,3
STU1132,פיילוט ג,2024-09-05 17:51:00,מזרחי,מיכל,1008,בית ספר עמל פתח תקווה,יא2,כיתה יא׳2,2,2,2,2,2,4,1,4,2
STU1133,פיילוט ב,2024-12-09 14:06:00,בן דוד,יעל,1003,תיכון הרצליה תל אביב,ט2,כיתה ט׳2,5,5,5,3,5,4,4,4,4
STU1134,פיילוט א,2025-01-05 16:49:00,זיו,יעל,1004,בית ספר דה שליט רחובות,ט2,כיתה ט׳2,3,1,3,3,2,2,2,1,2
STU1135,פיילוט ב,2024-12-05 13:26:00,כהן,אדר,1006,בית ספר נעמן עכו,יא2,כיתה יא׳2,3,3,5,3,4,4,4,4,5
STU1136,פיילוט א,2025-01-20 13:07:00,כץ,יוסף,1008,בית ספר עמל פתח תקווה,ט1,כיתה ט׳1,5,5,5,3,5,2,4,5,5
STU1137,פיילוט ב,2024-11-06 14:09:00,דהן,אדר,1006,בית ספר נעמן עכו,ט2,כיתה ט׳2,3,2,2,1,2,4,3,2,3
STU1138,פיילוט ג,2024-11-23 10:45:00,מזרחי,שירה,1007,תיכון מקיף גבעתיים,ט1,כיתה ט׳1,2,2,3,3,3,4,1,2,2
STU1139,פיילוט א,2024-10-30 08:17:00,גרוס,יונתן,1002,בית ספר ריאלי חיפה,י1,כיתה י׳1,4,4,5,3,4,4,3,5,3
STU1140,פיילוט ג,2024-09-11 12:58:00,אלמוג,מיכל,1002,בית ספר ריאלי חיפה,יב1,כיתה יב׳1,4,3,4,2,4,5,2,2,2
STU1141,פיילוט ג,2024-12-02 14:34:00,פרץ,תמר,1006,בית ספר נעמן עכו,י1,כיתה י׳1,3,3,4,5,4,2,4,4,4
STU1142,פיילוט ג,2024-09-05 15:13:00,ביטון,דוד,1003,תיכון הרצליה תל אביב,יא1,כיתה יא׳1,3,4,4,3,5,4,5,4,5
STU1143,פיילוט א,2024-12-20 11:39:00,שפירא,רונית,1004,בית ספר דה שליט רחובות,י2,כיתה י׳2,3,1,3,3,1,3,2,1,1
STU1144,פיילוט א,2024-12-17 12:41:00,כץ,ניר,1005,תיכון עירוני ד׳ תל אביב,י1,כיתה י׳1,4,2,4,2,3,3,3,2,3
STU1145,פיילוט ב,2024-10-01 11:08:00,לוי,אייל,1001,בית ספר אורט נהריה,ט1,כיתה ט׳1,1,2,2,3,1,4,1,3,2
STU1146,פיילוט א,2025-02-14 11:45:00,פרץ,נועה,1004,בית ספר דה שליט רחובות,יא2,כיתה יא׳2,1,2,2,1,1,3,1,3,1
STU1147,פיילוט ב,2024-12-06 16:43:00,דהן,רחל,1007,תיכון מקיף גבעתיים,ט1,כיתה ט׳1,4,3,4,5,5,2,4,5,4
STU1148,פיילוט ג,2024-11-10 14:03:00,דהן,נועה,1004,בית ספר דה שליט רחובות,יב1,כיתה יב׳1,3,4,5,3,5,4,3,5,4
STU1149,פיילוט א,2024-10-07 12:17:00,אברהם,עמית,1007,תיכון מקיף גבעתיים,י2,כיתה י׳2,3,5,5,5,5,2,4,4,4
STU1150,פיילוט ג,2024-11-10 15:24:00,דהן,דוד,1001,בית ספר אורט נהריה,י2,כיתה י׳2,5,4,5,4,5,2,4,4,5
STU1151,פיילוט ב,2024-10-08 09:17:00,אלון,הדס,1008,בית ספר עמל פתח תקווה,ט2,כיתה ט׳2,3,3,5,4,5,2,5,5,5
STU1152,פיילוט א,2024-11-01 12:16:00,שמש,יונתן,1005,תיכון עירוני ד׳ תל אביב,יא2,כיתה יא׳2,5,5,5,5,5,2,3,5,3
STU1153,פיילוט ב,2024-09-01 15:12:00,אברהם,אורי,1003,תיכון הרצליה תל אביב,יא2,כיתה יא׳2,2,1,2,2,4,5,2,4,2
STU1154,פיילוט ב,2025-01-23 13:06:00,שפירא,ניר,1005,תיכון עירוני ד׳ תל אביב,יא2,כיתה יא׳2,5,4,5,3,5,3,5,5,5
STU1155,פיילוט ב,2025-01-22 08:44:00,מזרחי,אורי,1004,בית ספר דה שליט רחובות,ט2,כיתה ט׳2,4,4,5,3,5,3,4,4,4
STU1156,פיילוט ב,2024-12-22 10:14:00,פרידמן,רונית,1003,תיכון הרצליה תל אביב,ט2,כיתה ט׳2,3,4,5,5,5,2,3,5,5
STU1157,פיילוט א,2024-09-24 13:59:00,שמש,שון,1006,בית ספר נעמן עכו,ט1,כיתה ט׳1,3,5,5,3,5,4,5,5,3
STU1158,פיילוט ב,2024-10-13 08:59:00,נחמיאס,רונית,1002,בית ספר ריאלי חיפה,ט1,כיתה ט׳1,3,2,3,1,1,3,2,2,2
STU1159,פיילוט א,2024-12-01 15:35:00,אברהם,נועה,1007,תיכון מקיף גבעתיים,י1,כיתה י׳1,5,5,4,5,5,2,4,5,4
STU1160,פיילוט ג,2024-10-16 11:52:00,פרידמן,רונית,1002,בית ספר ריאלי חיפה,יא2,כיתה יא׳2,5,4,4,3,4,2,5,4,5
STU1161,פיילוט ב,2024-10-23 13:40:00,גרוס,עמית,1003,תיכון הרצליה תל אביב,י1,כיתה י׳1,5,4,4,5,4,2,3,5,5
STU1162,פיילוט א,2024-12-17 09:05:00,אברהם,רונית,1003,תיכון הרצליה תל אביב,יא2,כיתה יא׳2,4,4,4,3,5,2,5,4,5
STU1163,פיילוט ב,2025-02-21 16:57:00,שלום,גלית,1002,בית ספר ריאלי חיפה,ט2,כיתה ט׳2,4,3,5,3,5,4,5,5,5
STU1164,פיילוט א,2024-11-11 13:16:00,כץ,רונית,1006,בית ספר נעמן עכו,י2,כיתה י׳2,3,2,3,1,1,3,1,3,1
STU1165,פיילוט ב,2024-10-29 16:54:00,פרץ,יונתן,1001,בית ספר אורט נהריה,ט2,כיתה ט׳2,3,3,3,1,4,3,3,2,1
STU1166,פיילוט ג,2024-11-01 08:32:00,כץ,יונתן,1008,בית ספר עמל פתח תקווה,י2,כיתה י׳2,4,3,2,1,4,3,3,2,1
STU1167,פיילוט ג,2024-10-05 10:02:00,אלמוג,ניר,1002,בית ספר ריאלי חיפה,ט2,כיתה ט׳2,2,2,4,3,2,4,2,3,3
STU1168,פיילוט א,2025-02-10 16:05:00,ברק,רחל,1004,בית ספר דה שליט רחובות,ט2,כיתה ט׳2,3,1,3,1,2,3,1,2,2
STU1169,פיילוט ב,2024-09-22 13:10:00,שלום,מיכל,1003,תיכון הרצליה תל אביב,יא2,כיתה יא׳2,2,1,2,1,4,5,1,4,1
STU1170,פיילוט א,2024-09-07 10:22:00,ברק,יעל,1002,בית ספר ריאלי חיפה,יא2,כיתה יא׳2,2,2,4,3,3,3,3,4,3
STU1171,פיילוט ג,2025-01-26 16:30:00,גרוס,ניר,1002,בית ספר ריאלי חיפה,יב1,כיתה יב׳1,2,1,2,1,1,4,1,3,2
STU1172,פיילוט א,2024-12-21 15:01:00,לוי,שון,1002,בית ספר ריאלי חיפה,ט2,כיתה ט׳2,2,2,3,1,1,3,1,1,2
STU1173,פיילוט ג,2024-11-10 16:09:00,שפירא,יעל,1001,בית ספר אורט נהריה,ט1,כיתה ט׳1,3,4,5,5,5,2,4,5,5
STU1174,פיילוט ב,2024-10-14 17:24:00,לוי,יונתן,1002,בית ספר ריאלי חיפה,ט2,כיתה ט׳2,4,5,4,4,5,4,3,5,4
STU1175,פיילוט ב,2024-11-30 08:49:00,כץ,הדס,1001,בית ספר אורט נהריה,יא2,כיתה יא׳2,4,3,4,4,5,4,5,5,5
STU1176,פיילוט א,2024-09-02 12:40:00,דהן,דוד,1003,תיכון הרצליה תל אביב,ט2,כיתה ט׳2,4,3,4,4,5,4,3,5,5
STU1177,פיילוט א,2024-11-02 10:43:00,מזרחי,שירה,1008,בית ספר עמל פתח תקווה,י2,כיתה י׳2,2,2,4,1,4,5,1,3,2
STU1178,פיילוט ג,2024-12-14 12:10:00,כהן,אייל,1007,תיכון מקיף גבעתיים,יא1,כיתה יא׳1,4,1,4,3,4,5,3,4,2
STU1179,פיילוט ג,2024-09-22 15:55:00,לוי,יעל,1007,תיכון מקיף גבעתיים,יב1,כיתה יב׳1,4,5,5,5,5,2,3,5,4
STU1180,פיילוט ב,2024-12-04 13:34:00,אברהם,גיל,1005,תיכון עירוני ד׳ תל אביב,יא2,כיתה יא׳2,4,4,5,3,4,3,3,5,5
STU1181,פיילוט ג,2025-01-26 16:32:00,כהן,אייל,1004,בית ספר דה שליט רחובות,יב1,כיתה יב׳1,5,3,5,4,5,3,4,5,5
STU1182,פיילוט א,2025-02-04 08:43:00,ברק,יוסף,1002,בית ספר ריאלי חיפה,י1,כיתה י׳1,4,3,4,1,3,4,3,2,2
STU1183,פיילוט ג,2025-01-29 13:56:00,פרץ,יעל,1005,תיכון עירוני ד׳ תל אביב,יא2,כיתה יא׳2,4,3,4,3,4,3,3,5,4
STU1184,פיילוט א,2025-01-18 08:38:00,פרידמן,אייל,1004,בית ספר דה שליט רחובות,יב1,כיתה יב׳1,3,3,5,5,5,4,4,5,3
STU1185,פיילוט ג,2024-09-09 09:05:00,כץ,הדס,1002,בית ספר ריאלי חיפה,יא2,כיתה יא׳2,4,3,4,4,5,3,3,4,4
STU1186,פיילוט ב,2024-10-18 11:52:00,כהן,נועה,1008,בית ספר עמל פתח תקווה,יב1,כיתה יב׳1,2,2,4,2,4,5,3,2,1
STU1187,פיילוט ב,2024-12-30 15:16:00,גרוס,שון,1002,בית ספר ריאלי חיפה,י1,כיתה י׳1,5,3,5,5,4,2,5,5,4
STU1188,פיילוט ב,2024-09-20 12:38:00,מזרחי,אורי,1002,בית ספר ריאלי חיפה,יא2,כיתה יא׳2,5,5,4,4,5,4,4,4,3
STU1189,פיילוט ג,2024-12-14 11:10:00,אברהם,רונית,1005,תיכון עירוני ד׳ תל אביב,ט1,כיתה ט׳1,2,1,3,3,3,4,1,4,1
STU1190,פיילוט א,2024-11-15 10:33:00,בן יוסף,עמית,1003,תיכון הרצליה תל אביב,ט1,כיתה ט׳1,3,2,3,2,2,3,2,2,3
STU1191,פיילוט ב,2025-01-11 09:07:00,ביטון,עמית,1001,בית ספר אורט נהריה,יב1,כיתה יב׳1,1,1,1,2,1,3,1,3,1
STU1192,פיילוט א,2024-10-10 15:04:00,ברק,רונית,1001,בית ספר אורט נהריה,ט1,כיתה ט׳1,5,3,5,4,5,4,3,4,4
STU1193,פיילוט א,2024-09-28 15:40:00,נחמיאס,עמית,1002,בית ספר ריאלי חיפה,ט2,כיתה ט׳2,4,4,4,4,5,4,3,5,5
STU1194,פיילוט א,2025-01-14 15:49:00,פרידמן,אדר,1003,תיכון הרצליה תל אביב,יא1,כיתה יא׳1,3,2,4,1,2,3,2,4,1
STU1195,פיילוט ב,2024-12-05 17:46:00,פרץ,יוסף,1005,תיכון עירוני ד׳ תל אביב,ט2,כיתה ט׳2,3,2,3,1,1,2,1,1,2
STU1196,פיילוט ב,2024-09-17 12:18:00,שלום,דוד,1002,בית ספר ריאלי חיפה,יא2,כיתה יא׳2,4,3,2,3,2,5,2,4,3
STU1197,פיילוט ב,2025-02-07 17:51:00,שפירא,גיל,1001,בית ספר אורט נהריה,יא2,כיתה יא׳2,5,3,5,5,5,4,5,5,4
STU1198,פיילוט ג,2024-11-24 17:06:00,גרוס,נועה,1008,בית ספר עמל פתח תקווה,ט1,כיתה ט׳1,2,3,3,3,3,5,3,2,1
STU1199,פיילוט ג,2025-01-23 16:03:00,אלמוג,שון,1005,תיכון עירוני ד׳ תל אביב,יא1,כיתה יא׳1,3,3,4,3,4,3,3,5,4
STU1200,פיילוט ב,2024-10-26 12:35:00,שמש,הדס,1001,בית ספר אורט נהריה,יא1,כיתה יא׳1,4,5,4,4,5,2,5,5,3
